라운드,변형,종목수,초,ALL_거래일,ALL_수익률(%),ALL_연환산(%),ALL_샤프,ALL_MDD(%),ALL_청산횟수,ALL_승률(%),ALL_손익비,ALL_평균거래(%),ALL_SPY수익률(%),ALL_SPY샤프,ALL_SPY MDD(%),ALL_거래일비율,IS_거래일,IS_수익률(%),IS_연환산(%),IS_샤프,IS_MDD(%),IS_청산횟수,IS_승률(%),IS_손익비,IS_평균거래(%),IS_SPY수익률(%),IS_SPY샤프,IS_SPY MDD(%),IS_거래일비율,OOS_거래일,OOS_수익률(%),OOS_연환산(%),OOS_샤프,OOS_MDD(%),OOS_청산횟수,OOS_승률(%),OOS_손익비,OOS_평균거래(%),OOS_SPY수익률(%),OOS_SPY샤프,OOS_SPY MDD(%),OOS_거래일비율,평균투자비중,최대투자비중,이자($),판정
H04_grid,K1.3 1위30%,83,50,730,4197.97,266.28,3.21,-14.1,485,84.1,9.05,6.515,87.43,1.49,-18.76,0.401,436,649.67,220.38,2.87,-14.1,262,83.6,4.89,5.471,52.99,1.53,-18.76,0.404,294,473.31,346.74,3.73,-13.81,223,84.8,10.61,7.74,22.51,1.45,-8.88,0.398,0.68,1.0,0.0,✅ 수익 4197.97%
H04_grid,K1.3 1위35%,83,48,730,4418.58,272.66,3.18,-15.36,464,83.6,8.71,6.535,87.43,1.49,-18.76,0.393,436,674.61,226.49,2.88,-15.36,250,82.8,4.78,5.443,52.99,1.53,-18.76,0.388,294,483.33,353.42,3.63,-14.17,214,84.6,10.11,7.811,22.51,1.45,-8.88,0.401,0.68,1.0,0.0,"❌ ALL MDD -15.36, IS MDD -15.36"
H04_grid,K1.3 1위40%,83,47,730,4778.83,282.66,3.18,-15.18,461,83.9,9.52,6.673,87.43,1.49,-18.76,0.404,436,678.39,227.41,2.87,-15.18,246,83.3,4.48,5.66,52.99,1.53,-18.76,0.388,294,526.78,382.22,3.64,-14.44,215,84.7,11.58,7.832,22.51,1.45,-8.88,0.429,0.68,1.0,0.0,"❌ ALL MDD -15.18, IS MDD -15.18"
H04_grid,K1.5 1위30%,83,50,730,4563.29,276.74,3.18,-14.33,444,83.6,8.62,6.598,87.43,1.49,-18.76,0.393,436,729.64,239.71,2.85,-12.86,236,82.2,4.96,5.516,52.99,1.53,-18.76,0.378,294,462.08,339.22,3.73,-14.33,208,85.1,9.97,7.826,22.51,1.45,-8.88,0.415,0.69,1.0,0.0,✅ 수익 4563.29%
H04_grid,K1.5 1위35%,83,45,730,4731.61,281.38,3.18,-14.61,439,83.6,9.06,6.381,87.43,1.49,-18.76,0.386,436,715.5,236.35,2.82,-12.86,236,81.8,4.57,5.249,52.99,1.53,-18.76,0.378,294,492.47,359.5,3.77,-14.61,203,85.7,10.96,7.696,22.51,1.45,-8.88,0.398,0.69,1.0,0.0,✅ 수익 4731.61%
H04_grid,K1.5 1위40%,83,44,730,4568.95,276.9,3.12,-14.83,422,82.5,8.89,6.289,87.43,1.49,-18.76,0.374,436,738.63,241.83,2.83,-12.86,229,81.7,4.52,5.608,52.99,1.53,-18.76,0.369,294,456.74,335.64,3.56,-14.83,193,83.4,10.91,7.097,22.51,1.45,-8.88,0.381,0.69,1.0,0.0,✅ 수익 4568.95%
H04_grid,K1.7 1위30%,83,45,730,4333.72,270.23,3.11,-15.12,422,82.9,8.02,6.719,87.43,1.49,-18.76,0.378,436,808.66,258.05,2.84,-15.12,222,82.4,5.36,5.67,52.99,1.53,-18.76,0.367,294,387.94,289.07,3.62,-14.8,200,83.5,9.04,7.882,22.51,1.45,-8.88,0.395,0.69,1.0,0.0,"❌ ALL MDD -15.12, IS MDD -15.12"
H04_grid,K1.7 1위35%,83,44,730,4440.92,273.3,3.05,-15.12,416,83.4,8.32,6.796,87.43,1.49,-18.76,0.388,436,788.18,253.36,2.81,-15.12,222,82.0,4.92,5.64,52.99,1.53,-18.76,0.381,294,411.26,304.96,3.48,-15.09,194,85.1,9.83,8.12,22.51,1.45,-8.88,0.398,0.69,1.0,0.0,"❌ ALL MDD -15.12, IS MDD -15.12, OOS MDD -15.09"
H04_grid,K1.7 1위40%,83,43,730,4751.93,281.93,3.09,-15.17,406,84.2,9.73,6.902,87.43,1.49,-18.76,0.375,436,843.92,266.01,2.86,-15.12,221,82.8,5.26,5.646,52.99,1.53,-18.76,0.374,294,414.02,306.83,3.48,-15.17,185,85.9,12.02,8.403,22.51,1.45,-8.88,0.378,0.69,1.0,0.0,"❌ ALL MDD -15.17, IS MDD -15.12, OOS MDD -15.17"
