ETF,기초,실제 시작,겹친 봉,시간봉 수익 상관,일간 상관,일간 차 평균(bp),일간 차 표준편차(bp)
AAPD,AAPL,,0,,,,
AMZD,AMZN,,0,,,,
GGLS,GOOGL,,0,,,,
MSFD,MSFT,,0,,,,
NVDD,NVDA,2023-11-07 09:30:00,5012,0.9841,0.9981,2.0,18.1
TSLS,TSLA,2023-11-07 09:30:00,5052,0.9974,0.9993,2.16,13.7
METD,META,2024-10-08 15:30:00,3294,0.9792,0.998,1.92,15.7
AMDD,AMD,2025-02-12 10:30:00,2488,0.9866,0.9965,1.47,35.9
PLTD,PLTR,,0,,,,
MUD,MU,,0,,,,
NFXS,NFLX,2024-10-08 10:30:00,3114,0.9477,0.9942,1.91,24.0
ORCS,ORCL,2025-11-19 11:30:00,1435,0.9636,0.9969,1.64,29.7
SEF,XLF,,0,,,,
