날짜,자산($),현금($),당일실현($),누적실현($),누적수수료($),누적이자($),국면노출,보유종목
2023-11-03,10000.0,10000.0,0.0,0.0,0.0,0.0,0.0,
2023-11-06,10000.0,10000.0,0.0,0.0,0.0,0.0,0.0,
2023-11-07,10000.0,10000.0,0.0,0.0,0.0,0.0,0.0,
2023-11-08,10000.0,10000.0,0.0,0.0,0.0,0.0,0.0,
2023-11-09,10000.0,10000.0,0.0,0.0,0.0,0.0,0.0,
2023-11-10,10000.0,10000.0,0.0,0.0,0.0,0.0,0.0,
2023-11-13,10000.0,10000.0,0.0,0.0,0.0,0.0,0.0,
2023-11-14,10000.0,10000.0,0.0,0.0,0.0,0.0,0.0,
2023-11-15,10000.0,10000.0,0.0,0.0,0.0,0.0,0.0,
2023-11-16,10000.0,10000.0,0.0,0.0,0.0,0.0,0.0,
2023-11-17,10000.0,10000.0,0.0,0.0,0.0,0.0,0.0,
2023-11-20,10000.0,10000.0,0.0,0.0,0.0,0.0,0.0,
2023-11-21,10000.0,10000.0,0.0,0.0,0.0,0.0,0.0,
2023-11-22,10000.0,10000.0,0.0,0.0,0.0,0.0,0.0,
2023-11-24,10000.0,10000.0,0.0,0.0,0.0,0.0,0.0,
2023-11-27,10000.0,10000.0,0.0,0.0,0.0,0.0,0.0,
2023-11-28,10000.0,10000.0,0.0,0.0,0.0,0.0,1.0,
2023-11-29,10000.0,10000.0,0.0,0.0,0.0,0.0,1.0,
2023-11-30,10000.0,10000.0,0.0,0.0,0.0,0.0,1.0,
2023-12-01,10000.0,10000.0,0.0,0.0,0.0,0.0,1.0,
2023-12-04,10000.0,10000.0,0.0,0.0,0.0,0.0,0.0,
2023-12-05,10000.0,10000.0,0.0,0.0,0.0,0.0,1.0,
2023-12-06,10000.0,10000.0,0.0,0.0,0.0,0.0,1.0,
2023-12-07,10000.0,10000.0,0.0,0.0,0.0,0.0,1.0,
2023-12-08,10000.0,10000.0,0.0,0.0,0.0,0.0,1.0,
2023-12-11,10000.0,10000.0,0.0,0.0,0.0,0.0,1.0,
2023-12-12,10000.0,10000.0,0.0,0.0,0.0,0.0,1.0,
2023-12-13,10000.0,10000.0,0.0,0.0,0.0,0.0,1.0,
2023-12-14,10000.0,10000.0,0.0,0.0,0.0,0.0,1.0,
2023-12-15,10000.0,10000.0,0.0,0.0,0.0,0.0,1.0,
2023-12-18,10000.0,10000.0,0.0,0.0,0.0,0.0,1.0,
2023-12-19,10000.0,10000.0,0.0,0.0,0.0,0.0,1.0,
2023-12-20,10000.0,10000.0,0.0,0.0,0.0,0.0,1.0,
2023-12-21,10000.0,10000.0,0.0,0.0,0.0,0.0,1.0,
2023-12-22,10000.0,10000.0,0.0,0.0,0.0,0.0,1.0,
2023-12-26,10000.0,10000.0,0.0,0.0,0.0,0.0,1.0,
2023-12-27,10000.0,10000.0,0.0,0.0,0.0,0.0,1.0,
2023-12-28,10000.0,10000.0,0.0,0.0,0.0,0.0,1.0,
2023-12-29,10000.0,10000.0,0.0,0.0,0.0,0.0,1.0,
2024-01-02,10000.0,10000.0,0.0,0.0,0.0,0.0,1.0,
2024-01-03,10000.0,10000.0,0.0,0.0,0.0,0.0,1.0,
2024-01-04,10000.0,10000.0,0.0,0.0,0.0,0.0,1.0,
2024-01-05,10000.0,10000.0,0.0,0.0,0.0,0.0,1.0,
2024-01-08,10000.0,10000.0,0.0,0.0,0.0,0.0,1.0,
2024-01-09,10000.0,10000.0,0.0,0.0,0.0,0.0,1.0,
2024-01-10,10000.0,10000.0,0.0,0.0,0.0,0.0,1.0,
2024-01-11,10000.0,10000.0,0.0,0.0,0.0,0.0,1.0,
2024-01-12,10000.0,10000.0,0.0,0.0,0.0,0.0,1.0,
2024-01-16,10000.0,10000.0,0.0,0.0,0.0,0.0,1.0,
2024-01-17,10000.0,10000.0,0.0,0.0,0.0,0.0,1.0,
2024-01-18,10000.0,10000.0,0.0,0.0,0.0,0.0,1.0,
2024-01-19,10000.0,10000.0,0.0,0.0,0.0,0.0,1.0,
2024-01-22,10000.0,10000.0,0.0,0.0,0.0,0.0,1.0,
2024-01-23,10000.0,10000.0,0.0,0.0,0.0,0.0,1.0,
2024-01-24,10000.0,10000.0,0.0,0.0,0.0,0.0,1.0,
2024-01-25,10000.0,10000.0,0.0,0.0,0.0,0.0,1.0,
2024-01-26,10000.0,10000.0,0.0,0.0,0.0,0.0,1.0,
2024-01-29,10000.0,10000.0,0.0,0.0,0.0,0.0,1.0,
2024-01-30,10000.0,10000.0,0.0,0.0,0.0,0.0,1.0,
2024-01-31,10000.0,10000.0,0.0,0.0,0.0,0.0,1.0,
2024-02-01,10000.0,10000.0,0.0,0.0,0.0,0.0,1.0,
2024-02-02,10000.0,10000.0,0.0,0.0,0.0,0.0,1.0,
2024-02-05,10000.0,10000.0,0.0,0.0,0.0,0.0,1.0,
2024-02-06,10000.0,10000.0,0.0,0.0,0.0,0.0,1.0,
2024-02-07,10000.0,10000.0,0.0,0.0,0.0,0.0,1.0,
2024-02-08,10000.0,10000.0,0.0,0.0,0.0,0.0,1.0,
2024-02-09,10000.0,10000.0,0.0,0.0,0.0,0.0,1.0,
2024-02-12,10000.0,10000.0,0.0,0.0,0.0,0.0,1.0,
2024-02-13,10000.0,10000.0,0.0,0.0,0.0,0.0,1.0,
2024-02-14,10000.0,10000.0,0.0,0.0,0.0,0.0,1.0,
2024-02-15,10000.0,10000.0,0.0,0.0,0.0,0.0,1.0,
2024-02-16,10000.0,10000.0,0.0,0.0,0.0,0.0,1.0,
2024-02-20,10000.0,10000.0,0.0,0.0,0.0,0.0,1.0,
2024-02-21,10000.0,10000.0,0.0,0.0,0.0,0.0,1.0,
2024-02-22,10000.0,10000.0,0.0,0.0,0.0,0.0,1.0,
2024-02-23,10000.0,10000.0,0.0,0.0,0.0,0.0,1.0,
2024-02-26,10000.0,10000.0,0.0,0.0,0.0,0.0,1.0,
2024-02-27,10000.0,10000.0,0.0,0.0,0.0,0.0,1.0,
2024-02-28,10000.0,10000.0,0.0,0.0,0.0,0.0,1.0,
2024-02-29,10000.0,10000.0,0.0,0.0,0.0,0.0,1.0,
2024-03-01,10000.0,10000.0,0.0,0.0,0.0,0.0,0.0,
2024-03-04,10000.0,10000.0,0.0,0.0,0.0,0.0,0.0,
2024-03-05,10000.0,10000.0,0.0,0.0,0.0,0.0,1.0,
2024-03-06,10000.0,10000.0,0.0,0.0,0.0,0.0,1.0,
2024-03-07,10000.0,10000.0,0.0,0.0,0.0,0.0,1.0,
2024-03-08,10000.0,10000.0,0.0,0.0,0.0,0.0,1.0,
2024-03-11,10000.0,10000.0,0.0,0.0,0.0,0.0,1.0,
2024-03-12,10000.0,10000.0,0.0,0.0,0.0,0.0,1.0,
2024-03-13,10000.0,10000.0,0.0,0.0,0.0,0.0,1.0,
2024-03-14,10000.0,10000.0,0.0,0.0,0.0,0.0,1.0,
2024-03-15,10000.0,10000.0,0.0,0.0,0.0,0.0,1.0,
2024-03-18,10000.0,10000.0,0.0,0.0,0.0,0.0,1.0,
2024-03-19,10000.0,10000.0,0.0,0.0,0.0,0.0,1.0,
2024-03-20,10000.0,10000.0,0.0,0.0,0.0,0.0,1.0,
2024-03-21,10000.0,10000.0,0.0,0.0,0.0,0.0,1.0,
2024-03-22,10000.0,10000.0,0.0,0.0,0.0,0.0,1.0,
2024-03-25,10000.0,10000.0,0.0,0.0,0.0,0.0,1.0,
2024-03-26,10000.0,10000.0,0.0,0.0,0.0,0.0,1.0,
2024-03-27,10000.0,10000.0,0.0,0.0,0.0,0.0,1.0,
2024-03-28,10000.0,10000.0,0.0,0.0,0.0,0.0,1.0,
2024-04-01,10000.0,10000.0,0.0,0.0,0.0,0.0,1.0,
2024-04-02,10000.0,10000.0,0.0,0.0,0.0,0.0,1.0,
2024-04-03,10000.0,10000.0,0.0,0.0,0.0,0.0,1.0,
2024-04-04,10000.0,10000.0,0.0,0.0,0.0,0.0,1.0,
2024-04-05,10000.0,10000.0,0.0,0.0,0.0,0.0,1.0,
2024-04-08,10000.0,10000.0,0.0,0.0,0.0,0.0,0.0,
2024-04-09,10000.0,10000.0,0.0,0.0,0.0,0.0,0.0,
2024-04-10,10000.0,10000.0,0.0,0.0,0.0,0.0,0.0,
2024-04-11,10000.0,10000.0,0.0,0.0,0.0,0.0,0.0,
2024-04-12,10000.0,10000.0,0.0,0.0,0.0,0.0,0.0,
2024-04-15,10000.0,10000.0,0.0,0.0,0.0,0.0,1.0,
2024-04-16,10000.0,10000.0,0.0,0.0,0.0,0.0,1.0,
2024-04-17,10000.0,10000.0,0.0,0.0,0.0,0.0,1.0,
2024-04-18,10000.0,10000.0,0.0,0.0,0.0,0.0,1.0,
2024-04-19,10000.0,10000.0,0.0,0.0,0.0,0.0,1.0,
2024-04-22,10000.0,10000.0,0.0,0.0,0.0,0.0,1.0,
2024-04-23,10000.0,10000.0,0.0,0.0,0.0,0.0,0.0,
2024-04-24,10000.0,10000.0,0.0,0.0,0.0,0.0,1.0,
2024-04-25,10000.0,10000.0,0.0,0.0,0.0,0.0,0.0,
2024-04-26,10000.0,10000.0,0.0,0.0,0.0,0.0,0.0,
2024-04-29,10000.0,10000.0,0.0,0.0,0.0,0.0,0.0,
2024-04-30,10000.0,10000.0,0.0,0.0,0.0,0.0,1.0,
2024-05-01,10000.0,10000.0,0.0,0.0,0.0,0.0,1.0,
2024-05-02,10000.0,10000.0,0.0,0.0,0.0,0.0,1.0,
2024-05-03,10000.0,10000.0,0.0,0.0,0.0,0.0,1.0,
2024-05-06,10000.0,10000.0,0.0,0.0,0.0,0.0,1.0,
2024-05-07,10000.0,10000.0,0.0,0.0,0.0,0.0,0.0,
2024-05-08,10000.0,10000.0,0.0,0.0,0.0,0.0,1.0,
2024-05-09,10000.0,10000.0,0.0,0.0,0.0,0.0,0.0,
2024-05-10,10000.0,10000.0,0.0,0.0,0.0,0.0,1.0,
2024-05-13,10000.0,10000.0,0.0,0.0,0.0,0.0,1.0,
2024-05-14,10000.0,10000.0,0.0,0.0,0.0,0.0,1.0,
2024-05-15,10000.0,10000.0,0.0,0.0,0.0,0.0,1.0,
2024-05-16,10000.0,10000.0,0.0,0.0,0.0,0.0,1.0,
2024-05-17,10000.0,10000.0,0.0,0.0,0.0,0.0,1.0,
2024-05-20,10000.0,10000.0,0.0,0.0,0.0,0.0,1.0,
2024-05-21,10000.0,10000.0,0.0,0.0,0.0,0.0,1.0,
2024-05-22,10000.0,10000.0,0.0,0.0,0.0,0.0,1.0,
2024-05-23,10000.0,10000.0,0.0,0.0,0.0,0.0,0.0,
2024-05-24,10000.0,10000.0,0.0,0.0,0.0,0.0,1.0,
2024-05-28,10000.0,10000.0,0.0,0.0,0.0,0.0,1.0,
2024-05-29,10000.0,10000.0,0.0,0.0,0.0,0.0,1.0,
2024-05-30,10000.0,10000.0,0.0,0.0,0.0,0.0,1.0,
2024-05-31,10000.0,10000.0,0.0,0.0,0.0,0.0,1.0,
2024-06-03,10000.0,10000.0,0.0,0.0,0.0,0.0,0.0,
2024-06-04,10000.0,10000.0,0.0,0.0,0.0,0.0,1.0,
2024-06-05,10000.0,10000.0,0.0,0.0,0.0,0.0,1.0,
2024-06-06,10000.0,10000.0,0.0,0.0,0.0,0.0,1.0,
2024-06-07,10000.0,10000.0,0.0,0.0,0.0,0.0,0.0,
2024-06-10,10000.0,10000.0,0.0,0.0,0.0,0.0,0.0,
2024-06-11,9563.73,32.85,0.0,0.0,6.97,0.0,1.0,DAVE:272
2024-06-12,10393.33,32.85,0.0,0.0,6.97,0.0,1.0,DAVE:272
2024-06-13,9819.41,32.85,0.0,0.0,6.97,0.0,1.0,DAVE:272
2024-06-14,10173.01,32.85,0.0,0.0,6.97,0.0,1.0,DAVE:272
2024-06-17,10349.81,32.85,0.0,0.0,6.97,0.0,1.0,DAVE:272
2024-06-18,10369.72,10369.72,369.72,369.72,14.52,0.0,0.0,
2024-06-20,10369.72,10369.72,0.0,369.72,14.52,0.0,0.0,
2024-06-21,10369.72,10369.72,0.0,369.72,14.52,0.0,0.0,
2024-06-24,10369.72,10369.72,0.0,369.72,14.52,0.0,0.0,
2024-06-25,10369.72,10369.72,0.0,369.72,14.52,0.0,0.0,
2024-06-26,10369.72,10369.72,0.0,369.72,14.52,0.0,0.0,
2024-06-27,10369.72,10369.72,0.0,369.72,14.52,0.0,0.0,
2024-06-28,10410.48,19.3,0.0,369.72,21.76,0.0,1.0,DAVE:343
2024-07-01,10333.31,19.3,0.0,369.72,21.76,0.0,1.0,DAVE:343
2024-07-02,10299.0,19.3,0.0,369.72,21.76,0.0,1.0,DAVE:343
2024-07-03,10365.16,10365.16,-4.57,365.16,29.32,0.0,0.0,
2024-07-05,10462.83,15.55,0.0,365.16,36.56,0.0,1.0,DAVE:344
2024-07-08,10982.27,15.55,0.0,365.16,36.56,0.0,1.0,DAVE:344
2024-07-09,11897.31,15.55,0.0,365.16,36.56,0.0,1.0,DAVE:344
2024-07-10,11945.47,15.55,0.0,365.16,36.56,0.0,1.0,DAVE:344
2024-07-11,12530.27,15.55,0.0,365.16,36.56,0.0,1.0,DAVE:344
2024-07-12,12826.11,15.55,0.0,365.16,36.56,0.0,1.0,DAVE:344
2024-07-15,13299.11,15.55,0.0,365.16,36.56,0.0,1.0,DAVE:344
2024-07-16,13476.9,13476.9,3111.74,3476.9,46.4,0.0,0.0,
2024-07-17,13476.9,13476.9,0.0,3476.9,46.4,0.0,0.0,
2024-07-18,13476.9,13476.9,0.0,3476.9,46.4,0.0,0.0,
2024-07-19,13476.9,13476.9,0.0,3476.9,46.4,0.0,0.0,
2024-07-22,13476.9,13476.9,0.0,3476.9,46.4,0.0,0.0,
2024-07-23,13476.9,13476.9,0.0,3476.9,46.4,0.0,0.0,
2024-07-24,13476.9,13476.9,0.0,3476.9,46.4,0.0,0.0,
2024-07-25,13476.9,13476.9,0.0,3476.9,46.4,0.0,0.0,
2024-07-26,13476.9,13476.9,0.0,3476.9,46.4,0.0,0.0,
2024-07-29,13479.28,29.78,0.0,3476.9,55.8,0.0,1.0,DAVE:370
2024-07-30,12761.48,29.78,0.0,3476.9,55.8,0.0,1.0,DAVE:370
2024-07-31,13479.28,29.78,0.0,3476.9,55.8,0.0,1.0,DAVE:370
2024-08-01,12942.78,29.78,0.0,3476.9,55.8,0.0,1.0,DAVE:370
2024-08-02,12413.23,12413.23,-1063.67,2413.23,64.85,0.0,0.0,
2024-08-05,12686.11,25.99,0.0,2413.23,73.51,0.0,1.0,DAVE:414
2024-08-06,12946.93,25.99,0.0,2413.23,73.51,0.0,1.0,DAVE:414
2024-08-07,13075.27,25.99,0.0,2413.23,73.51,0.0,1.0,DAVE:414
2024-08-08,13261.57,25.99,0.0,2413.23,73.51,0.0,1.0,DAVE:414
2024-08-09,12661.27,25.99,0.0,2413.23,73.51,0.0,1.0,DAVE:414
2024-08-12,12698.53,25.99,0.0,2413.23,73.51,0.0,1.0,DAVE:414
2024-08-13,14499.43,25.99,0.0,2413.23,73.51,0.0,1.0,DAVE:414
2024-08-14,14830.63,25.99,0.0,2413.23,73.51,0.0,1.0,DAVE:414
2024-08-15,14961.04,25.99,0.0,2413.23,73.51,0.0,1.0,DAVE:414
2024-08-16,15029.35,25.99,0.0,2413.23,73.51,0.0,1.0,DAVE:414
2024-08-19,15654.49,25.99,0.0,2413.23,73.51,0.0,1.0,DAVE:414
2024-08-20,15414.37,25.99,0.0,2413.23,73.51,0.0,1.0,DAVE:414
2024-08-21,15948.43,25.99,0.0,2413.23,73.51,0.0,1.0,DAVE:414
2024-08-22,15952.57,25.99,0.0,2413.23,73.51,0.0,1.0,DAVE:414
2024-08-23,16358.29,25.99,0.0,2413.23,73.51,0.0,1.0,DAVE:414
2024-08-26,16494.91,25.99,0.0,2413.23,73.51,0.0,1.0,DAVE:414
2024-08-27,15509.59,25.99,0.0,2413.23,73.51,0.0,1.0,DAVE:414
2024-08-28,14909.29,25.99,0.0,2413.23,73.51,0.0,1.0,DAVE:414
2024-08-29,15426.79,25.99,0.0,2413.23,73.51,0.0,1.0,DAVE:414
2024-08-30,15592.39,25.99,0.0,2413.23,73.51,0.0,1.0,DAVE:414
2024-09-03,15832.51,25.99,0.0,2413.23,73.51,0.0,1.0,DAVE:414
2024-09-04,15310.87,25.99,0.0,2413.23,73.51,0.0,1.0,DAVE:414
2024-09-05,14950.69,25.99,0.0,2413.23,73.51,0.0,1.0,DAVE:414
2024-09-06,14275.87,25.99,0.0,2413.23,73.51,0.0,1.0,DAVE:414
2024-09-09,14510.49,29.21,1894.74,4307.97,93.93,0.0,1.0,NVDA:136
2024-09-10,14719.93,29.21,0.0,4307.97,93.93,0.0,1.0,NVDA:136
2024-09-11,15920.81,29.21,0.0,4307.97,93.93,0.0,1.0,NVDA:136
2024-09-12,16237.69,29.21,0.0,4307.97,93.93,0.0,1.0,NVDA:136
2024-09-13,16222.73,29.21,0.0,4307.97,93.93,0.0,1.0,NVDA:136
2024-09-16,15909.93,29.21,0.0,4307.97,93.93,0.0,1.0,NVDA:136
2024-09-17,15748.77,29.21,0.0,4307.97,93.93,0.0,1.0,NVDA:136
2024-09-18,15427.13,29.21,0.0,4307.97,93.93,0.0,1.0,NVDA:136
2024-09-19,16074.49,29.21,0.0,4307.97,93.93,0.0,1.0,NVDA:136
2024-09-20,15816.09,29.21,0.0,4307.97,93.93,0.0,1.0,NVDA:136
2024-09-23,15837.85,29.21,0.0,4307.97,93.93,0.0,1.0,NVDA:136
2024-09-24,16478.41,29.21,0.0,4307.97,93.93,0.0,1.0,NVDA:136
2024-09-25,16833.37,29.21,0.0,4307.97,93.93,0.0,1.0,NVDA:136
2024-09-26,16891.85,29.21,0.0,4307.97,93.93,0.0,1.0,NVDA:136
2024-09-27,16539.61,29.21,0.0,4307.97,93.93,0.0,1.0,NVDA:136
2024-09-30,16551.85,29.21,0.0,4307.97,93.93,0.0,1.0,NVDA:136
2024-10-01,15934.39,29.21,0.0,4307.97,93.93,0.0,1.0,NVDA:136
2024-10-02,16191.43,29.21,0.0,4307.97,93.93,0.0,1.0,NVDA:136
2024-10-03,16735.45,29.21,0.0,4307.97,93.93,0.0,1.0,NVDA:136
2024-10-04,17014.25,29.21,0.0,4307.97,93.93,0.0,1.0,NVDA:136
2024-10-07,16989.7,36.1,2693.55,7001.51,118.2,0.0,1.0,NEM:320
2024-10-08,16911.3,36.1,0.0,7001.51,118.2,0.0,1.0,NEM:320
2024-10-09,16909.7,36.1,0.0,7001.51,118.2,0.0,1.0,NEM:320
2024-10-10,16972.05,16972.05,-29.46,6972.05,130.57,0.0,0.0,
2024-10-11,16972.05,16972.05,0.0,6972.05,130.57,0.0,0.0,
2024-10-14,16972.05,16972.05,0.0,6972.05,130.57,0.0,0.0,
2024-10-15,16972.05,16972.05,0.0,6972.05,130.57,0.0,0.0,
2024-10-16,16972.05,16972.05,0.0,6972.05,130.57,0.0,0.0,
2024-10-17,16862.34,25.34,0.0,6972.05,142.43,0.0,1.0,NEM:298
2024-10-18,17193.12,25.34,0.0,6972.05,142.43,0.0,1.0,NEM:298
2024-10-21,17187.16,25.34,0.0,6972.05,142.43,0.0,1.0,NEM:298
2024-10-22,17267.25,17267.25,295.2,7267.25,155.02,0.0,0.0,
2024-10-23,17267.25,17267.25,0.0,7267.25,155.02,0.0,0.0,
2024-10-24,17267.25,17267.25,0.0,7267.25,155.02,0.0,0.0,
2024-10-25,17267.25,17267.25,0.0,7267.25,155.02,0.0,0.0,
2024-10-28,17267.25,17267.25,0.0,7267.25,155.02,0.0,0.0,
2024-10-29,17267.25,17267.25,0.0,7267.25,155.02,0.0,0.0,
2024-10-30,17267.25,17267.25,0.0,7267.25,155.02,0.0,0.0,
2024-10-31,17267.25,17267.25,0.0,7267.25,155.02,0.0,0.0,
2024-11-01,17267.25,17267.25,0.0,7267.25,155.02,0.0,0.0,
2024-11-04,17267.25,17267.25,0.0,7267.25,155.02,0.0,0.0,
2024-11-05,17705.51,7.19,0.0,7267.25,167.1,0.0,1.0,CRDO:423
2024-11-06,18404.08,18404.08,1136.83,8404.08,180.54,0.0,0.0,
2024-11-07,18404.08,18404.08,0.0,8404.08,180.54,0.0,0.0,
2024-11-08,18721.31,1.31,0.0,8404.08,193.41,0.0,1.0,CRDO:390
2024-11-11,18124.61,1.31,0.0,8404.08,193.41,0.0,1.0,CRDO:390
2024-11-12,18116.81,1.31,0.0,8404.08,193.41,0.0,1.0,CRDO:390
2024-11-13,18328.25,18328.25,-75.83,8328.25,206.8,0.0,0.0,
2024-11-14,18328.25,18328.25,0.0,8328.25,206.8,0.0,0.0,
2024-11-15,17662.48,9.05,0.0,8328.25,219.61,0.0,1.0,CRDO:444
2024-11-18,18026.57,9.05,0.0,8328.25,219.61,0.0,1.0,CRDO:444
2024-11-19,19518.4,9.05,0.0,8328.25,219.61,0.0,1.0,CRDO:444
2024-11-20,19096.61,9.05,0.0,8328.25,219.61,0.0,1.0,CRDO:444
2024-11-21,20561.81,9.05,0.0,8328.25,219.61,0.0,1.0,CRDO:444
2024-11-22,20344.25,9.05,0.0,8328.25,219.61,0.0,1.0,CRDO:444
2024-11-25,20901.47,9.05,0.0,8328.25,219.61,0.0,1.0,CRDO:444
2024-11-26,20726.09,9.05,0.0,8328.25,219.61,0.0,1.0,CRDO:444
2024-11-27,20295.4,9.05,0.0,8328.25,219.61,0.0,1.0,CRDO:444
2024-11-29,22049.21,9.05,0.0,8328.25,219.61,0.0,1.0,CRDO:444
2024-12-02,21210.05,9.05,0.0,8328.25,219.61,0.0,1.0,CRDO:444
2024-12-03,31430.92,9.05,0.0,8328.25,219.61,0.0,1.0,CRDO:444
2024-12-04,30649.49,9.05,0.0,8328.25,219.61,0.0,1.0,CRDO:444
2024-12-05,31284.41,9.05,0.0,8328.25,219.61,0.0,1.0,CRDO:444
2024-12-06,32998.25,9.05,0.0,8328.25,219.61,0.0,1.0,CRDO:444
2024-12-09,29765.92,9.05,0.0,8328.25,219.61,0.0,1.0,CRDO:444
2024-12-10,29428.49,9.05,0.0,8328.25,219.61,0.0,1.0,CRDO:444
2024-12-11,30858.17,9.05,0.0,8328.25,219.61,0.0,1.0,CRDO:444
2024-12-12,30391.97,9.05,0.0,8328.25,219.61,0.0,1.0,CRDO:444
2024-12-13,33735.73,9.05,0.0,8328.25,219.61,0.0,1.0,CRDO:444
2024-12-16,34303.6,9.05,0.0,8328.25,219.61,0.0,1.0,CRDO:444
2024-12-17,31000.25,9.05,0.0,8328.25,219.61,0.0,1.0,CRDO:444
2024-12-18,29512.84,9.05,0.0,8328.25,219.61,0.0,1.0,CRDO:444
2024-12-19,29770.36,9.05,0.0,8328.25,219.61,0.0,1.0,CRDO:444
2024-12-20,30418.6,9.05,0.0,8328.25,219.61,0.0,1.0,CRDO:444
2024-12-23,30962.14,30962.14,12633.89,20962.14,242.22,0.0,0.0,
2024-12-24,30962.14,30962.14,0.0,20962.14,242.22,0.0,0.0,
2024-12-26,30962.14,30962.14,0.0,20962.14,242.22,0.0,0.0,
2024-12-27,30962.14,30962.14,0.0,20962.14,242.22,0.0,0.0,
2024-12-30,30962.14,30962.14,0.0,20962.14,242.22,0.0,0.0,
2024-12-31,30962.14,30962.14,0.0,20962.14,242.22,0.0,0.0,
2025-01-02,30962.14,30962.14,0.0,20962.14,242.22,0.0,0.0,
2025-01-03,30962.14,30962.14,0.0,20962.14,242.22,0.0,0.0,
2025-01-06,30962.14,30962.14,0.0,20962.14,242.22,0.0,0.0,
2025-01-07,30962.14,30962.14,0.0,20962.14,242.22,0.0,0.0,
2025-01-08,30962.14,30962.14,0.0,20962.14,242.22,0.0,0.0,
2025-01-10,30962.14,30962.14,0.0,20962.14,242.22,0.0,0.0,
2025-01-13,30962.14,30962.14,0.0,20962.14,242.22,0.0,0.0,
2025-01-14,30962.14,30962.14,0.0,20962.14,242.22,0.0,0.0,
2025-01-15,30962.14,30962.14,0.0,20962.14,242.22,0.0,0.0,
2025-01-16,30962.14,30962.14,0.0,20962.14,242.22,0.0,0.0,
2025-01-17,30962.14,30962.14,0.0,20962.14,242.22,0.0,0.0,
2025-01-21,30962.14,30962.14,0.0,20962.14,242.22,0.0,0.0,
2025-01-22,30962.14,30962.14,0.0,20962.14,242.22,0.0,0.0,
2025-01-23,30962.14,30962.14,0.0,20962.14,242.22,0.0,0.0,
2025-01-24,30962.14,30962.14,0.0,20962.14,242.22,0.0,0.0,
2025-01-27,25228.12,27.73,0.0,20962.14,263.86,0.0,1.0,CRDO:453
2025-01-28,26932.25,26932.25,-4029.88,16932.25,283.52,0.0,0.0,
2025-01-29,26932.25,26932.25,0.0,16932.25,283.52,0.0,0.0,
2025-01-30,26932.25,26932.25,0.0,16932.25,283.52,0.0,0.0,
2025-01-31,26932.25,26932.25,0.0,16932.25,283.52,0.0,0.0,
2025-02-03,26932.25,26932.25,0.0,16932.25,283.52,0.0,0.0,
2025-02-04,26932.25,26932.25,0.0,16932.25,283.52,0.0,0.0,
2025-02-05,26932.25,26932.25,0.0,16932.25,283.52,0.0,0.0,
2025-02-06,26932.25,26932.25,0.0,16932.25,283.52,0.0,0.0,
2025-02-07,26932.25,26932.25,0.0,16932.25,283.52,0.0,0.0,
2025-02-10,26932.25,26932.25,0.0,16932.25,283.52,0.0,0.0,
2025-02-11,26932.25,26932.25,0.0,16932.25,283.52,0.0,0.0,
2025-02-12,26932.25,26932.25,0.0,16932.25,283.52,0.0,0.0,
2025-02-13,26932.25,26932.25,0.0,16932.25,283.52,0.0,0.0,
2025-02-14,26932.25,26932.25,0.0,16932.25,283.52,0.0,0.0,
2025-02-18,26932.25,26932.25,0.0,16932.25,283.52,0.0,0.0,
2025-02-19,26932.25,26932.25,0.0,16932.25,283.52,0.0,0.0,
2025-02-20,26932.25,26932.25,0.0,16932.25,283.52,0.0,0.0,
2025-02-21,26932.25,26932.25,0.0,16932.25,283.52,0.0,0.0,
2025-02-24,26932.25,26932.25,0.0,16932.25,283.52,0.0,0.0,
2025-02-25,26932.25,26932.25,0.0,16932.25,283.52,0.0,0.0,
2025-02-26,26932.25,26932.25,0.0,16932.25,283.52,0.0,0.0,
2025-02-27,26932.25,26932.25,0.0,16932.25,283.52,0.0,0.0,
2025-02-28,26932.25,26932.25,0.0,16932.25,283.52,0.0,0.0,
2025-03-03,26932.25,26932.25,0.0,16932.25,283.52,0.0,0.0,
2025-03-04,26932.25,26932.25,0.0,16932.25,283.52,0.0,0.0,
2025-03-05,26932.25,26932.25,0.0,16932.25,283.52,0.0,0.0,
2025-03-06,26932.25,26932.25,0.0,16932.25,283.52,0.0,0.0,
2025-03-07,26932.25,26932.25,0.0,16932.25,283.52,0.0,0.0,
2025-03-10,26932.25,26932.25,0.0,16932.25,283.52,0.0,0.0,
2025-03-11,26932.25,26932.25,0.0,16932.25,283.52,0.0,0.0,
2025-03-12,26932.25,26932.25,0.0,16932.25,283.52,0.0,0.0,
2025-03-13,26932.25,26932.25,0.0,16932.25,283.52,0.0,0.0,
2025-03-14,26932.25,26932.25,0.0,16932.25,283.52,0.0,0.0,
2025-03-17,26932.25,26932.25,0.0,16932.25,283.52,0.0,0.0,
2025-03-18,26082.57,36.81,0.0,16932.25,302.33,0.0,1.0,DAVE:312
2025-03-19,26876.61,36.81,0.0,16932.25,302.33,0.0,1.0,DAVE:312
2025-03-20,27361.77,36.81,0.0,16932.25,302.33,0.0,1.0,DAVE:312
2025-03-21,28291.53,36.81,0.0,16932.25,302.33,0.0,1.0,DAVE:312
2025-03-24,30185.37,36.81,0.0,16932.25,302.33,0.0,1.0,DAVE:312
2025-03-25,30219.69,36.81,0.0,16932.25,302.33,0.0,1.0,DAVE:312
2025-03-26,30232.43,30232.43,3300.18,20232.43,324.39,0.0,0.0,
2025-03-27,29443.68,56.43,0.0,20232.43,345.5,0.0,1.0,DAVE:333
2025-03-28,29324.39,29324.39,-908.04,19324.39,366.88,0.0,0.0,
2025-03-31,29923.93,47.57,0.0,19324.39,387.36,0.0,1.0,DAVE:361
2025-04-01,29959.3,29959.3,634.91,19959.3,409.21,0.0,0.0,
2025-04-02,29959.3,29959.3,0.0,19959.3,409.21,0.0,0.0,
2025-04-03,29959.3,29959.3,0.0,19959.3,409.21,0.0,0.0,
2025-04-04,29959.3,29959.3,0.0,19959.3,409.21,0.0,0.0,
2025-04-07,29959.3,29959.3,0.0,19959.3,409.21,0.0,0.0,
2025-04-08,29959.3,29959.3,0.0,19959.3,409.21,0.0,0.0,
2025-04-09,29959.3,29959.3,0.0,19959.3,409.21,0.0,0.0,
2025-04-10,29959.3,29959.3,0.0,19959.3,409.21,0.0,0.0,
2025-04-11,29959.3,29959.3,0.0,19959.3,409.21,0.0,0.0,
2025-04-14,29959.3,29959.3,0.0,19959.3,409.21,0.0,0.0,
2025-04-15,29959.3,29959.3,0.0,19959.3,409.21,0.0,0.0,
2025-04-16,30095.44,24.87,0.0,19959.3,430.15,0.0,1.0,DAVE:366
2025-04-17,30843.91,24.87,0.0,19959.3,430.15,0.0,1.0,DAVE:366
2025-04-21,29542.78,24.87,0.0,19959.3,430.15,0.0,1.0,DAVE:366
2025-04-22,30494.37,24.87,0.0,19959.3,430.15,0.0,1.0,DAVE:366
2025-04-23,31420.35,24.87,0.0,19959.3,430.15,0.0,1.0,DAVE:366
2025-04-24,32902.66,24.87,0.0,19959.3,430.15,0.0,1.0,DAVE:366
2025-04-25,34033.59,24.87,0.0,19959.3,430.15,0.0,1.0,DAVE:366
2025-04-28,34264.18,24.87,0.0,19959.3,430.15,0.0,1.0,DAVE:366
2025-04-29,34889.59,24.87,0.0,19959.3,430.15,0.0,1.0,DAVE:366
2025-04-30,34721.68,24.87,0.0,19959.3,430.15,0.0,1.0,DAVE:366
2025-05-01,35267.02,24.87,0.0,19959.3,430.15,0.0,1.0,DAVE:366
2025-05-02,38356.06,24.87,0.0,19959.3,430.15,0.0,1.0,DAVE:366
2025-05-05,38405.46,24.87,0.0,19959.3,430.15,0.0,1.0,DAVE:366
2025-05-06,38820.87,24.87,0.0,19959.3,430.15,0.0,1.0,DAVE:366
2025-05-07,39563.85,24.87,0.0,19959.3,430.15,0.0,1.0,DAVE:366
2025-05-08,55924.05,24.87,0.0,19959.3,430.15,0.0,1.0,DAVE:366
2025-05-09,61212.75,24.87,0.0,19959.3,430.15,0.0,1.0,DAVE:366
2025-05-12,62892.7,24.87,0.0,19959.3,430.15,0.0,1.0,DAVE:366
2025-05-13,66446.55,24.87,0.0,19959.3,430.15,0.0,1.0,DAVE:366
2025-05-14,67123.66,24.87,0.0,19959.3,430.15,0.0,1.0,DAVE:366
2025-05-15,67390.83,24.87,0.0,19959.3,430.15,0.0,1.0,DAVE:366
2025-05-16,67855.66,24.87,0.0,19959.3,430.15,0.0,1.0,DAVE:366
2025-05-19,66918.7,24.87,0.0,19959.3,430.15,0.0,1.0,DAVE:366
2025-05-20,71795.65,24.87,0.0,19959.3,430.15,0.0,1.0,DAVE:366
2025-05-21,71146.0,24.87,0.0,19959.3,430.15,0.0,1.0,DAVE:366
2025-05-22,72741.75,24.87,0.0,19959.3,430.15,0.0,1.0,DAVE:366
2025-05-23,72324.51,24.87,0.0,19959.3,430.15,0.0,1.0,DAVE:366
2025-05-27,76447.5,24.87,0.0,19959.3,430.15,0.0,1.0,DAVE:366
2025-05-28,79373.68,24.87,0.0,19959.3,430.15,0.0,1.0,DAVE:366
2025-05-29,76328.55,24.87,0.0,19959.3,430.15,0.0,1.0,DAVE:366
2025-05-30,73499.37,24.87,0.0,19959.3,430.15,0.0,1.0,DAVE:366
2025-06-02,76551.81,24.87,0.0,19959.3,430.15,0.0,1.0,DAVE:366
2025-06-03,77009.31,24.87,0.0,19959.3,430.15,0.0,1.0,DAVE:366
2025-06-04,75812.5,24.87,0.0,19959.3,430.15,0.0,1.0,DAVE:366
2025-06-05,76698.22,24.87,0.0,19959.3,430.15,0.0,1.0,DAVE:366
2025-06-06,81031.66,24.87,0.0,19959.3,430.15,0.0,1.0,DAVE:366
2025-06-09,82329.12,24.87,0.0,19959.3,430.15,0.0,1.0,DAVE:366
2025-06-10,82257.75,24.87,0.0,19959.3,430.15,0.0,1.0,DAVE:366
2025-06-11,84733.75,24.87,0.0,19959.3,430.15,0.0,1.0,DAVE:366
2025-06-12,87279.27,24.87,0.0,19959.3,430.15,0.0,1.0,DAVE:366
2025-06-13,76152.87,24.87,0.0,19959.3,430.15,0.0,1.0,DAVE:366
2025-06-16,79315.11,24.87,0.0,19959.3,430.15,0.0,1.0,DAVE:366
2025-06-17,74740.11,24.87,0.0,19959.3,430.15,0.0,1.0,DAVE:366
2025-06-18,73546.96,24.87,0.0,19959.3,430.15,0.0,1.0,DAVE:366
2025-06-20,77258.2,24.87,0.0,19959.3,430.15,0.0,1.0,DAVE:366
2025-06-23,78612.4,24.87,0.0,19959.3,430.15,0.0,1.0,DAVE:366
2025-06-24,83880.97,24.87,0.0,19959.3,430.15,0.0,1.0,DAVE:366
2025-06-25,82770.16,24.87,0.0,19959.3,430.15,0.0,1.0,DAVE:366
2025-06-26,88816.48,24.87,0.0,19959.3,430.15,0.0,1.0,DAVE:366
2025-06-27,91400.44,24.87,0.0,19959.3,430.15,0.0,1.0,DAVE:366
2025-06-30,98178.75,24.87,0.0,19959.3,430.15,0.0,1.0,DAVE:366
2025-07-01,95345.92,24.87,0.0,19959.3,430.15,0.0,1.0,DAVE:366
2025-07-02,98914.42,24.87,0.0,19959.3,430.15,0.0,1.0,DAVE:366
2025-07-03,103057.54,24.87,0.0,19959.3,430.15,0.0,1.0,DAVE:366
2025-07-07,102567.1,24.87,0.0,19959.3,430.15,0.0,1.0,DAVE:366
2025-07-08,95858.31,24.87,0.0,19959.3,430.15,0.0,1.0,DAVE:366
2025-07-09,89555.79,24.87,0.0,19959.3,430.15,0.0,1.0,DAVE:366
2025-07-10,84054.81,24.87,0.0,19959.3,430.15,0.0,1.0,DAVE:366
2025-07-11,74169.16,24.87,0.0,19959.3,430.15,0.0,1.0,DAVE:366
2025-07-14,78447.7,24.87,0.0,19959.3,430.15,0.0,1.0,DAVE:366
2025-07-15,74169.16,24.87,0.0,19959.3,430.15,0.0,1.0,DAVE:366
2025-07-16,69854.01,24.87,0.0,19959.3,430.15,0.0,1.0,DAVE:366
2025-07-17,74696.2,24.87,0.0,19959.3,430.15,0.0,1.0,DAVE:366
2025-07-18,79849.48,24.87,0.0,19959.3,430.15,0.0,1.0,DAVE:366
2025-07-21,71760.87,24.87,0.0,19959.3,430.15,0.0,1.0,DAVE:366
2025-07-22,71100.25,24.87,0.0,19959.3,430.15,0.0,1.0,DAVE:366
2025-07-23,76654.29,24.87,0.0,19959.3,430.15,0.0,1.0,DAVE:366
2025-07-24,76617.7,24.87,0.0,19959.3,430.15,0.0,1.0,DAVE:366
2025-07-25,77126.44,24.87,0.0,19959.3,430.15,0.0,1.0,DAVE:366
2025-07-28,78067.05,24.87,0.0,19959.3,430.15,0.0,1.0,DAVE:366
2025-07-29,80716.9,24.87,0.0,19959.3,430.15,0.0,1.0,DAVE:366
2025-07-30,87989.31,24.87,0.0,19959.3,430.15,0.0,1.0,DAVE:366
2025-07-31,86356.96,24.87,0.0,19959.3,430.15,0.0,1.0,DAVE:366
2025-08-01,85112.55,24.87,0.0,19959.3,430.15,0.0,1.0,DAVE:366
2025-08-04,89943.75,24.87,0.0,19959.3,430.15,0.0,1.0,DAVE:366
2025-08-05,87608.68,24.87,0.0,19959.3,430.15,0.0,1.0,DAVE:366
2025-08-06,71899.96,24.87,0.0,19959.3,430.15,0.0,1.0,DAVE:366
2025-08-07,70073.61,24.87,0.0,19959.3,430.15,0.0,1.0,DAVE:366
2025-08-08,66937.0,24.87,0.0,19959.3,430.15,0.0,1.0,DAVE:366
2025-08-11,68364.4,24.87,0.0,19959.3,430.15,0.0,1.0,DAVE:366
2025-08-12,67544.55,24.87,0.0,19959.3,430.15,0.0,1.0,DAVE:366
2025-08-13,73404.22,24.87,0.0,19959.3,430.15,0.0,1.0,DAVE:366
2025-08-14,73616.5,24.87,0.0,19959.3,430.15,0.0,1.0,DAVE:366
2025-08-15,73795.83,24.87,0.0,19959.3,430.15,0.0,1.0,DAVE:366
2025-08-18,74183.79,24.87,0.0,19959.3,430.15,0.0,1.0,DAVE:366
2025-08-19,69484.35,24.87,0.0,19959.3,430.15,0.0,1.0,DAVE:366
2025-08-20,68920.72,24.87,0.0,19959.3,430.15,0.0,1.0,DAVE:366
2025-08-21,68196.03,24.87,0.0,19959.3,430.15,0.0,1.0,DAVE:366
2025-08-22,72738.09,24.87,0.0,19959.3,430.15,0.0,1.0,DAVE:366
2025-08-25,72441.64,24.87,0.0,19959.3,430.15,0.0,1.0,DAVE:366
2025-08-26,76248.03,24.87,0.0,19959.3,430.15,0.0,1.0,DAVE:366
2025-08-27,76087.0,24.87,0.0,19959.3,430.15,0.0,1.0,DAVE:366
2025-08-28,79684.77,24.87,0.0,19959.3,430.15,0.0,1.0,DAVE:366
2025-08-29,77935.29,24.87,0.0,19959.3,430.15,0.0,1.0,DAVE:366
2025-09-02,76895.85,24.87,0.0,19959.3,430.15,0.0,1.0,DAVE:366
2025-09-03,74886.51,24.87,0.0,19959.3,430.15,0.0,1.0,DAVE:366
2025-09-04,71599.83,24.87,0.0,19959.3,430.15,0.0,1.0,DAVE:366
2025-09-05,71226.51,24.87,0.0,19959.3,430.15,0.0,1.0,DAVE:366
2025-09-08,71405.85,24.87,0.0,19959.3,430.15,0.0,1.0,DAVE:366
2025-09-09,79439.55,24.87,0.0,19959.3,430.15,0.0,1.0,DAVE:366
2025-09-10,78372.67,24.87,0.0,19959.3,430.15,0.0,1.0,DAVE:366
2025-09-11,82303.5,24.87,0.0,19959.3,430.15,0.0,1.0,DAVE:366
2025-09-12,83985.27,24.87,0.0,19959.3,430.15,0.0,1.0,DAVE:366
2025-09-15,79988.55,24.87,0.0,19959.3,430.15,0.0,1.0,DAVE:366
2025-09-16,78359.85,24.87,0.0,19959.3,430.15,0.0,1.0,DAVE:366
2025-09-17,79990.39,24.87,0.0,19959.3,430.15,0.0,1.0,DAVE:366
2025-09-18,83337.46,24.87,0.0,19959.3,430.15,0.0,1.0,DAVE:366
2025-09-19,87330.51,24.87,0.0,19959.3,430.15,0.0,1.0,DAVE:366
2025-09-22,88626.16,24.87,0.0,19959.3,430.15,0.0,1.0,DAVE:366
2025-09-23,84578.2,24.87,0.0,19959.3,430.15,0.0,1.0,DAVE:366
2025-09-24,83787.64,24.87,0.0,19959.3,430.15,0.0,1.0,DAVE:366
2025-09-25,81591.64,24.87,0.0,19959.3,430.15,0.0,1.0,DAVE:366
2025-09-26,79805.55,24.87,0.0,19959.3,430.15,0.0,1.0,DAVE:366
2025-09-29,77126.44,24.87,0.0,19959.3,430.15,0.0,1.0,DAVE:366
2025-09-30,72957.7,24.87,0.0,19959.3,430.15,0.0,1.0,DAVE:366
2025-10-01,71980.84,24.87,0.0,19959.3,430.15,0.0,1.0,DAVE:366
2025-10-02,74773.05,24.87,0.0,19959.3,430.15,0.0,1.0,DAVE:366
2025-10-03,74564.44,24.87,0.0,19959.3,430.15,0.0,1.0,DAVE:366
2025-10-06,73437.16,24.87,0.0,19959.3,430.15,0.0,1.0,DAVE:366
2025-10-07,74322.87,24.87,0.0,19959.3,430.15,0.0,1.0,DAVE:366
2025-10-08,76226.07,24.87,0.0,19959.3,430.15,0.0,1.0,DAVE:366
2025-10-09,76232.9,76232.9,46273.6,66232.9,485.82,0.0,0.0,
2025-10-10,76232.9,76232.9,0.0,66232.9,485.82,0.0,0.0,
2025-10-13,76232.9,76232.9,0.0,66232.9,485.82,0.0,0.0,
2025-10-14,76232.9,76232.9,0.0,66232.9,485.82,0.0,0.0,
2025-10-15,76232.9,76232.9,0.0,66232.9,485.82,0.0,0.0,
2025-10-16,76232.9,76232.9,0.0,66232.9,485.82,0.0,0.0,
2025-10-17,82558.93,86.61,0.0,66232.9,539.09,0.0,1.0,CRDO:574
2025-10-20,87110.75,86.61,0.0,66232.9,539.09,0.0,1.0,CRDO:574
2025-10-21,82854.55,86.61,0.0,66232.9,539.09,0.0,1.0,CRDO:574
2025-10-22,78833.67,86.61,0.0,66232.9,539.09,0.0,1.0,CRDO:574
2025-10-23,86525.27,86.61,0.0,66232.9,539.09,0.0,1.0,CRDO:574
2025-10-24,89343.61,86.61,0.0,66232.9,539.09,0.0,1.0,CRDO:574
2025-10-27,88970.51,86.61,0.0,66232.9,539.09,0.0,1.0,CRDO:574
2025-10-28,93212.37,86.61,0.0,66232.9,539.09,0.0,1.0,CRDO:574
2025-10-29,95224.78,95224.78,18991.88,85224.78,608.59,0.0,0.0,
2025-10-30,95224.78,95224.78,0.0,85224.78,608.59,0.0,0.0,
2025-10-31,95224.78,95224.78,0.0,85224.78,608.59,0.0,0.0,
2025-11-03,95224.78,95224.78,0.0,85224.78,608.59,0.0,0.0,
2025-11-04,95224.78,95224.78,0.0,85224.78,608.59,0.0,0.0,
2025-11-05,95224.78,95224.78,0.0,85224.78,608.59,0.0,0.0,
2025-11-06,97258.01,76.64,0.0,85224.78,675.15,0.0,1.0,WDC:594
2025-11-07,96898.64,76.64,0.0,85224.78,675.15,0.0,1.0,WDC:594
2025-11-10,109123.77,129.18,5689.9,90914.68,819.31,0.0,1.0,SNDK:407
2025-11-11,110619.5,129.18,0.0,90914.68,819.31,0.0,1.0,SNDK:407
2025-11-12,115320.35,129.18,0.0,90914.68,819.31,0.0,1.0,SNDK:407
2025-11-13,99233.68,129.18,0.0,90914.68,819.31,0.0,1.0,SNDK:407
2025-11-14,103617.07,129.18,0.0,90914.68,819.31,0.0,1.0,SNDK:407
2025-11-17,108260.93,129.18,0.0,90914.68,819.31,0.0,1.0,SNDK:407
2025-11-18,99823.83,129.18,0.0,90914.68,819.31,0.0,1.0,SNDK:407
2025-11-19,100190.13,129.18,0.0,90914.68,819.31,0.0,1.0,SNDK:407
2025-11-20,79884.9,129.18,0.0,90914.68,819.31,0.0,1.0,SNDK:407
2025-11-21,81622.79,129.18,0.0,90914.68,819.31,0.0,1.0,SNDK:407
2025-11-24,92505.97,129.18,0.0,90914.68,819.31,0.0,1.0,SNDK:407
2025-11-25,89876.74,129.18,0.0,90914.68,819.31,0.0,1.0,SNDK:407
2025-11-26,87646.39,129.18,0.0,90914.68,819.31,0.0,1.0,SNDK:407
2025-11-28,91512.93,129.18,0.0,90914.68,819.31,0.0,1.0,SNDK:407
2025-12-01,85680.58,129.18,0.0,90914.68,819.31,0.0,1.0,SNDK:407
2025-12-02,83682.2,129.18,0.0,90914.68,819.31,0.0,1.0,SNDK:407
2025-12-03,79213.35,129.18,0.0,90914.68,819.31,0.0,1.0,SNDK:407
2025-12-04,86987.05,129.18,0.0,90914.68,819.31,0.0,1.0,SNDK:407
2025-12-05,93128.68,129.18,0.0,90914.68,819.31,0.0,1.0,SNDK:407
2025-12-08,91887.33,129.18,0.0,90914.68,819.31,0.0,1.0,SNDK:407
2025-12-09,89427.01,129.18,0.0,90914.68,819.31,0.0,1.0,SNDK:407
2025-12-10,94846.22,129.18,0.0,90914.68,819.31,0.0,1.0,SNDK:407
2025-12-11,98464.45,129.18,0.0,90914.68,819.31,0.0,1.0,SNDK:407
2025-12-12,84011.88,129.18,0.0,90914.68,819.31,0.0,1.0,SNDK:407
2025-12-15,82298.41,129.18,0.0,90914.68,819.31,0.0,1.0,SNDK:407
2025-12-16,85314.28,129.18,0.0,90914.68,819.31,0.0,1.0,SNDK:407
2025-12-17,84321.2,129.18,0.0,90914.68,819.31,0.0,1.0,SNDK:407
2025-12-18,89457.62,129.18,0.0,90914.68,819.31,0.0,1.0,SNDK:407
2025-12-19,96832.38,129.18,0.0,90914.68,819.31,0.0,1.0,SNDK:407
2025-12-22,98236.53,129.18,0.0,90914.68,819.31,0.0,1.0,SNDK:407
2025-12-23,99848.24,129.18,0.0,90914.68,819.31,0.0,1.0,SNDK:407
2025-12-24,101895.5,129.18,0.0,90914.68,819.31,0.0,1.0,SNDK:407
2025-12-26,101899.53,129.18,0.0,90914.68,819.31,0.0,1.0,SNDK:407
2025-12-29,99506.37,129.18,0.0,90914.68,819.31,0.0,1.0,SNDK:407
2025-12-30,97894.65,129.18,0.0,90914.68,819.31,0.0,1.0,SNDK:407
2025-12-31,96720.45,129.18,0.0,90914.68,819.31,0.0,1.0,SNDK:407
2026-01-02,112176.27,129.18,0.0,90914.68,819.31,0.0,1.0,SNDK:407
2026-01-05,111691.94,129.18,0.0,90914.68,819.31,0.0,1.0,SNDK:407
2026-01-06,141728.55,129.18,0.0,90914.68,819.31,0.0,1.0,SNDK:407
2026-01-07,144028.1,129.18,0.0,90914.68,819.31,0.0,1.0,SNDK:407
2026-01-08,136327.66,129.18,0.0,90914.68,819.31,0.0,1.0,SNDK:407
2026-01-09,153718.77,129.18,0.0,90914.68,819.31,0.0,1.0,SNDK:407
2026-01-12,158464.39,129.18,0.0,90914.68,819.31,0.0,1.0,SNDK:407
2026-01-13,158859.18,129.18,0.0,90914.68,819.31,0.0,1.0,SNDK:407
2026-01-14,158045.18,129.18,0.0,90914.68,819.31,0.0,1.0,SNDK:407
2026-01-15,166685.79,129.18,0.0,90914.68,819.31,0.0,1.0,SNDK:407
2026-01-16,168472.52,129.18,0.0,90914.68,819.31,0.0,1.0,SNDK:407
2026-01-20,184638.56,129.18,0.0,90914.68,819.31,0.0,1.0,SNDK:407
2026-01-21,204272.23,129.18,0.0,90914.68,819.31,0.0,1.0,SNDK:407
2026-01-22,205049.6,129.18,0.0,90914.68,819.31,0.0,1.0,SNDK:407
2026-01-23,193047.18,129.18,0.0,90914.68,819.31,0.0,1.0,SNDK:407
2026-01-26,191651.17,129.18,0.0,90914.68,819.31,0.0,1.0,SNDK:407
2026-01-27,195916.52,129.18,0.0,90914.68,819.31,0.0,1.0,SNDK:407
2026-01-28,215021.1,129.18,0.0,90914.68,819.31,0.0,1.0,SNDK:407
2026-01-29,220751.67,129.18,0.0,90914.68,819.31,0.0,1.0,SNDK:407
2026-01-30,234563.21,129.18,0.0,90914.68,819.31,0.0,1.0,SNDK:407
2026-02-02,271085.35,129.18,0.0,90914.68,819.31,0.0,1.0,SNDK:407
2026-02-03,282839.52,129.18,0.0,90914.68,819.31,0.0,1.0,SNDK:407
2026-02-04,238195.68,129.18,0.0,90914.68,819.31,0.0,1.0,SNDK:407
2026-02-05,234622.24,129.18,0.0,90914.68,819.31,0.0,1.0,SNDK:407
2026-02-06,243454.12,129.18,0.0,90914.68,819.31,0.0,1.0,SNDK:407
2026-02-09,237548.57,129.18,0.0,90914.68,819.31,0.0,1.0,SNDK:407
2026-02-10,220658.07,129.18,0.0,90914.68,819.31,0.0,1.0,SNDK:407
2026-02-11,243836.7,129.18,0.0,90914.68,819.31,0.0,1.0,SNDK:407
2026-02-12,256714.18,129.18,0.0,90914.68,819.31,0.0,1.0,SNDK:407
2026-02-13,255236.77,129.18,0.0,90914.68,819.31,0.0,1.0,SNDK:407
2026-02-17,240409.77,129.18,0.0,90914.68,819.31,0.0,1.0,SNDK:407
2026-02-18,244536.75,129.18,0.0,90914.68,819.31,0.0,1.0,SNDK:407
2026-02-19,252668.6,129.18,0.0,90914.68,819.31,0.0,1.0,SNDK:407
2026-02-20,264770.74,129.18,0.0,90914.68,819.31,0.0,1.0,SNDK:407
2026-02-23,268217.66,268217.66,167302.98,258217.66,1015.16,0.0,0.0,
2026-02-24,251115.21,145.37,0.0,258217.66,1202.68,0.0,1.0,SNDK:393
2026-02-25,253039.98,253039.98,-15177.68,243039.98,1387.43,0.0,0.0,
2026-02-26,253039.98,253039.98,0.0,243039.98,1387.43,0.0,0.0,
2026-02-27,253039.98,253039.98,0.0,243039.98,1387.43,0.0,0.0,
2026-03-02,253039.98,253039.98,0.0,243039.98,1387.43,0.0,0.0,
2026-03-03,253039.98,253039.98,0.0,243039.98,1387.43,0.0,0.0,
2026-03-04,253039.98,253039.98,0.0,243039.98,1387.43,0.0,0.0,
2026-03-05,253039.98,253039.98,0.0,243039.98,1387.43,0.0,0.0,
2026-03-06,253039.98,253039.98,0.0,243039.98,1387.43,0.0,0.0,
2026-03-09,253039.98,253039.98,0.0,243039.98,1387.43,0.0,0.0,
2026-03-10,253039.98,253039.98,0.0,243039.98,1387.43,0.0,0.0,
2026-03-11,253039.98,253039.98,0.0,243039.98,1387.43,0.0,0.0,
2026-03-12,253039.98,253039.98,0.0,243039.98,1387.43,0.0,0.0,
2026-03-13,253039.98,253039.98,0.0,243039.98,1387.43,0.0,0.0,
2026-03-16,253039.98,253039.98,0.0,243039.98,1387.43,0.0,0.0,
2026-03-17,253039.98,253039.98,0.0,243039.98,1387.43,0.0,0.0,
2026-03-18,253039.98,253039.98,0.0,243039.98,1387.43,0.0,0.0,
2026-03-19,253039.98,253039.98,0.0,243039.98,1387.43,0.0,0.0,
2026-03-20,253039.98,253039.98,0.0,243039.98,1387.43,0.0,0.0,
2026-03-23,253039.98,253039.98,0.0,243039.98,1387.43,0.0,0.0,
2026-03-24,253039.98,253039.98,0.0,243039.98,1387.43,0.0,0.0,
2026-03-25,253039.98,253039.98,0.0,243039.98,1387.43,0.0,0.0,
2026-03-26,253039.98,253039.98,0.0,243039.98,1387.43,0.0,0.0,
2026-03-27,253039.98,253039.98,0.0,243039.98,1387.43,0.0,0.0,
2026-03-30,253039.98,253039.98,0.0,243039.98,1387.43,0.0,0.0,
2026-03-31,253039.98,253039.98,0.0,243039.98,1387.43,0.0,0.0,
2026-04-01,253039.98,253039.98,0.0,243039.98,1387.43,0.0,0.0,
2026-04-02,253039.98,253039.98,0.0,243039.98,1387.43,0.0,0.0,
2026-04-06,253039.98,253039.98,0.0,243039.98,1387.43,0.0,0.0,
2026-04-07,253039.98,253039.98,0.0,243039.98,1387.43,0.0,0.0,
2026-04-08,253039.98,253039.98,0.0,243039.98,1387.43,0.0,0.0,
2026-04-09,263589.2,460.25,0.0,243039.98,1564.11,0.0,1.0,SNDK:309
2026-04-10,263715.9,460.25,0.0,243039.98,1564.11,0.0,1.0,SNDK:309
2026-04-13,294780.53,460.25,0.0,243039.98,1564.11,0.0,1.0,SNDK:309
2026-04-14,292313.84,460.25,0.0,243039.98,1564.11,0.0,1.0,SNDK:309
2026-04-15,275983.18,460.25,0.0,243039.98,1564.11,0.0,1.0,SNDK:309
2026-04-16,284551.77,460.25,0.0,243039.98,1564.11,0.0,1.0,SNDK:309
2026-04-17,285046.16,460.25,0.0,243039.98,1564.11,0.0,1.0,SNDK:309
2026-04-20,282523.18,460.25,0.0,243039.98,1564.11,0.0,1.0,SNDK:309
2026-04-21,279598.49,460.25,0.0,243039.98,1564.11,0.0,1.0,SNDK:309
2026-04-22,302927.99,460.25,0.0,243039.98,1564.11,0.0,1.0,SNDK:309
2026-04-23,288522.41,460.25,0.0,243039.98,1564.11,0.0,1.0,SNDK:309
2026-04-24,306345.53,460.25,0.0,243039.98,1564.11,0.0,1.0,SNDK:309
2026-04-27,331173.69,460.25,0.0,243039.98,1564.11,0.0,1.0,SNDK:309
2026-04-28,310334.73,460.25,0.0,243039.98,1564.11,0.0,1.0,SNDK:309
2026-04-29,329301.13,460.25,0.0,243039.98,1564.11,0.0,1.0,SNDK:309
2026-04-30,339288.03,460.25,0.0,243039.98,1564.11,0.0,1.0,SNDK:309
2026-05-01,367601.7,460.25,0.0,243039.98,1564.11,0.0,1.0,SNDK:309
2026-05-04,388570.44,460.25,0.0,243039.98,1564.11,0.0,1.0,SNDK:309
2026-05-05,434914.25,460.25,0.0,243039.98,1564.11,0.0,1.0,SNDK:309
2026-05-06,436131.69,460.25,0.0,243039.98,1564.11,0.0,1.0,SNDK:309
2026-05-07,414517.16,460.25,0.0,243039.98,1564.11,0.0,1.0,SNDK:309
2026-05-08,483223.3,460.25,0.0,243039.98,1564.11,0.0,1.0,SNDK:309
2026-05-11,478739.71,460.25,0.0,243039.98,1564.11,0.0,1.0,SNDK:309
2026-05-12,449137.53,460.25,0.0,243039.98,1564.11,0.0,1.0,SNDK:309
2026-05-13,447598.72,460.25,0.0,243039.98,1564.11,0.0,1.0,SNDK:309
2026-05-14,427773.27,460.25,0.0,243039.98,1564.11,0.0,1.0,SNDK:309
2026-05-15,435220.16,460.25,0.0,243039.98,1564.11,0.0,1.0,SNDK:309
2026-05-18,412054.44,460.25,0.0,243039.98,1564.11,0.0,1.0,SNDK:309
2026-05-19,428069.89,460.25,0.0,243039.98,1564.11,0.0,1.0,SNDK:309
2026-05-20,430798.39,460.25,0.0,243039.98,1564.11,0.0,1.0,SNDK:309
2026-05-21,477136.02,460.25,0.0,243039.98,1564.11,0.0,1.0,SNDK:309
2026-05-22,469809.63,469809.63,216769.65,459809.63,1906.99,0.0,0.0,
2026-05-26,485696.05,875.69,0.0,459809.63,2235.01,0.0,1.0,SNDK:305
2026-05-27,485490.19,875.69,0.0,459809.63,2235.01,0.0,1.0,SNDK:305
2026-05-28,501832.08,875.69,0.0,459809.63,2235.01,0.0,1.0,SNDK:305
2026-05-29,517545.69,875.69,0.0,459809.63,2235.01,0.0,1.0,SNDK:305
2026-06-01,537675.69,875.69,0.0,459809.63,2235.01,0.0,1.0,SNDK:305
2026-06-02,524283.13,875.69,0.0,459809.63,2235.01,0.0,1.0,SNDK:305
2026-06-03,560334.11,875.69,0.0,459809.63,2235.01,0.0,1.0,SNDK:305
2026-06-04,537767.2,875.69,0.0,459809.63,2235.01,0.0,1.0,SNDK:305
2026-06-05,476123.62,875.69,0.0,459809.63,2235.01,0.0,1.0,SNDK:305
2026-06-08,501682.63,875.69,0.0,459809.63,2235.01,0.0,1.0,SNDK:305
2026-06-09,503320.48,875.69,0.0,459809.63,2235.01,0.0,1.0,SNDK:305
2026-06-10,501585.05,875.69,0.0,459809.63,2235.01,0.0,1.0,SNDK:305
2026-06-11,575007.69,875.69,0.0,459809.63,2235.01,0.0,1.0,SNDK:305
2026-06-12,604482.9,875.69,0.0,459809.63,2235.01,0.0,1.0,SNDK:305
2026-06-15,643965.13,875.69,0.0,459809.63,2235.01,0.0,1.0,SNDK:305
2026-06-16,651006.26,651006.26,181196.64,641006.26,2709.95,0.0,0.0,
2026-06-17,651006.26,651006.26,0.0,641006.26,2709.95,0.0,0.0,
2026-06-18,694216.73,2044.05,0.0,641006.26,3163.91,0.0,1.0,SNDK:317
2026-06-22,722949.03,2044.05,0.0,641006.26,3163.91,0.0,1.0,SNDK:317
2026-06-23,623703.23,2044.05,0.0,641006.26,3163.91,0.0,1.0,SNDK:317
2026-06-24,611898.15,2044.05,0.0,641006.26,3163.91,0.0,1.0,SNDK:317
2026-06-25,710714.24,710714.24,59707.97,700714.24,3681.61,0.0,0.0,
2026-06-26,710714.24,710714.24,0.0,700714.24,3681.61,0.0,0.0,
2026-06-29,710714.24,710714.24,0.0,700714.24,3681.61,0.0,0.0,
2026-06-30,710714.24,710714.24,0.0,700714.24,3681.61,0.0,0.0,
2026-07-01,710714.24,710714.24,0.0,700714.24,3681.61,0.0,0.0,
2026-07-02,710714.24,710714.24,0.0,700714.24,3681.61,0.0,0.0,
2026-07-06,710714.24,710714.24,0.0,700714.24,3681.61,0.0,0.0,
2026-07-07,710714.24,710714.24,0.0,700714.24,3681.61,0.0,0.0,
2026-07-08,710714.24,710714.24,0.0,700714.24,3681.61,0.0,0.0,
2026-07-09,710714.24,710714.24,0.0,700714.24,3681.61,0.0,0.0,
2026-07-10,710714.24,710714.24,0.0,700714.24,3681.61,0.0,0.0,
2026-07-13,710714.24,710714.24,0.0,700714.24,3681.61,0.0,0.0,
2026-07-14,710714.24,710714.24,0.0,700714.24,3681.61,0.0,0.0,
2026-07-15,710714.24,710714.24,0.0,700714.24,3681.61,0.0,0.0,
2026-07-16,710714.24,710714.24,0.0,700714.24,3681.61,0.0,0.0,
2026-07-17,710714.24,710714.24,0.0,700714.24,3681.61,0.0,0.0,
2026-07-20,710714.24,710714.24,0.0,700714.24,3681.61,0.0,0.0,
2026-07-21,710714.24,710714.24,0.0,700714.24,3681.61,0.0,0.0,
2026-07-22,710714.24,710714.24,0.0,700714.24,3681.61,0.0,0.0,
2026-07-23,710714.24,710714.24,0.0,700714.24,3681.61,0.0,0.0,
2026-07-24,710714.24,710714.24,0.0,700714.24,3681.61,0.0,0.0,
2026-07-27,710714.24,710714.24,0.0,700714.24,3681.61,0.0,0.0,
2026-07-28,710714.24,710714.24,0.0,700714.24,3681.61,0.0,0.0,
2026-07-29,710714.24,710714.24,0.0,700714.24,3681.61,0.0,0.0,
2026-07-30,710714.24,710714.24,0.0,700714.24,3681.61,0.0,0.0,
2026-07-31,710714.24,710714.24,0.0,700714.24,3681.61,0.0,0.0,
2026-08-03,710714.24,710714.24,0.0,700714.24,3681.61,0.0,0.0,
2026-08-04,710714.24,710714.24,0.0,700714.24,3681.61,0.0,0.0,
2026-08-05,710714.24,710714.24,0.0,700714.24,3681.61,0.0,0.0,
2026-08-06,710714.24,710714.24,0.0,700714.24,3681.61,0.0,0.0,
2026-08-07,710714.24,710714.24,0.0,700714.24,3681.61,0.0,0.0,
2026-08-10,710714.24,710714.24,0.0,700714.24,3681.61,0.0,0.0,
2026-08-11,710714.24,710714.24,0.0,700714.24,3681.61,0.0,0.0,
2026-08-12,710714.24,710714.24,0.0,700714.24,3681.61,0.0,0.0,
2026-08-13,710714.24,710714.24,0.0,700714.24,3681.61,0.0,0.0,
2026-08-14,710714.24,710714.24,0.0,700714.24,3681.61,0.0,0.0,
2026-08-17,710714.24,710714.24,0.0,700714.24,3681.61,0.0,0.0,
2026-08-18,710714.24,710714.24,0.0,700714.24,3681.61,0.0,0.0,
2026-08-19,710714.24,710714.24,0.0,700714.24,3681.61,0.0,0.0,
2026-08-20,710714.24,710714.24,0.0,700714.24,3681.61,0.0,0.0,
2026-08-21,710714.24,710714.24,0.0,700714.24,3681.61,0.0,0.0,
2026-08-24,710714.24,710714.24,0.0,700714.24,3681.61,0.0,0.0,
2026-08-25,710714.24,710714.24,0.0,700714.24,3681.61,0.0,0.0,
2026-08-26,731414.81,93.13,0.0,700714.24,4178.7,0.0,1.0,SNDK:488
2026-08-27,724773.13,93.13,0.0,700714.24,4178.7,0.0,1.0,SNDK:488
2026-08-28,725002.48,93.13,0.0,700714.24,4178.7,0.0,1.0,SNDK:488
2026-08-31,766062.81,93.13,0.0,700714.24,4178.7,0.0,1.0,SNDK:488
2026-09-01,750144.25,93.13,0.0,700714.24,4178.7,0.0,1.0,SNDK:488
2026-09-02,757959.58,93.13,0.0,700714.24,4178.7,0.0,1.0,SNDK:488
2026-09-03,758957.56,93.13,0.0,700714.24,4178.7,0.0,1.0,SNDK:488
2026-09-04,772909.58,772909.58,62195.35,762909.58,4743.27,0.0,0.0,
2026-09-08,772909.58,772909.58,0.0,762909.58,4743.27,0.0,0.0,
2026-09-09,772909.58,772909.58,0.0,762909.58,4743.27,0.0,0.0,
2026-09-10,772909.58,772909.58,0.0,762909.58,4743.27,0.0,0.0,
2026-09-11,772909.58,772909.58,0.0,762909.58,4743.27,0.0,0.0,
2026-09-14,782873.48,64.92,0.0,762909.58,5283.88,0.0,1.0,MRVL:3573
2026-09-15,792377.67,64.92,0.0,762909.58,5283.88,0.0,1.0,MRVL:3573
2026-09-16,820854.48,64.92,0.0,762909.58,5283.88,0.0,1.0,MRVL:3573
2026-09-17,860177.11,64.92,0.0,762909.58,5283.88,0.0,1.0,MRVL:3573
2026-09-18,872305.66,64.92,0.0,762909.58,5283.88,0.0,1.0,MRVL:3573
2026-09-21,919504.96,64.92,0.0,762909.58,5283.88,0.0,1.0,MRVL:3573
2026-09-22,937155.59,64.92,0.0,762909.58,5283.88,0.0,1.0,MRVL:3573
2026-09-23,932260.6,64.92,0.0,762909.58,5283.88,0.0,1.0,MRVL:3573
2026-09-24,906490.97,906490.97,133581.39,896490.97,5946.06,0.0,0.0,
2026-09-25,906490.97,906490.97,0.0,896490.97,5946.06,0.0,0.0,
2026-09-28,906490.97,906490.97,0.0,896490.97,5946.06,0.0,0.0,
2026-09-29,906490.97,906490.97,0.0,896490.97,5946.06,0.0,0.0,
2026-09-30,906490.97,906490.97,0.0,896490.97,5946.06,0.0,0.0,
2026-10-01,906490.97,906490.97,0.0,896490.97,5946.06,0.0,0.0,
2026-10-02,906490.97,906490.97,0.0,896490.97,5946.06,0.0,0.0,
