날짜,자산($),현금($),당일실현($),누적실현($),누적수수료($),국면노출,보유종목
2023-11-03,10000.0,10000.0,0.0,0.0,0.0,0.0,
2023-11-06,10000.0,10000.0,0.0,0.0,0.0,0.0,
2023-11-07,10000.0,10000.0,0.0,0.0,0.0,0.0,
2023-11-08,10000.0,10000.0,0.0,0.0,0.0,0.0,
2023-11-09,10000.0,10000.0,0.0,0.0,0.0,0.0,
2023-11-10,10000.0,10000.0,0.0,0.0,0.0,0.0,
2023-11-13,10000.0,10000.0,0.0,0.0,0.0,0.0,
2023-11-14,10000.0,10000.0,0.0,0.0,0.0,0.0,
2023-11-15,10000.0,10000.0,0.0,0.0,0.0,0.0,
2023-11-16,10000.0,10000.0,0.0,0.0,0.0,0.0,
2023-11-17,10000.0,10000.0,0.0,0.0,0.0,0.0,
2023-11-20,10000.0,10000.0,0.0,0.0,0.0,0.0,
2023-11-21,10000.0,10000.0,0.0,0.0,0.0,0.0,
2023-11-22,10000.0,10000.0,0.0,0.0,0.0,0.0,
2023-11-24,10000.0,10000.0,0.0,0.0,0.0,0.0,
2023-11-27,10000.0,10000.0,0.0,0.0,0.0,0.0,
2023-11-28,10000.0,10000.0,0.0,0.0,0.0,1.0,
2023-11-29,10000.0,10000.0,0.0,0.0,0.0,1.0,
2023-11-30,10000.0,10000.0,0.0,0.0,0.0,1.0,
2023-12-01,10000.0,10000.0,0.0,0.0,0.0,1.0,
2023-12-04,10000.0,10000.0,0.0,0.0,0.0,0.0,
2023-12-05,10000.0,10000.0,0.0,0.0,0.0,1.0,
2023-12-06,10000.0,10000.0,0.0,0.0,0.0,1.0,
2023-12-07,10000.0,10000.0,0.0,0.0,0.0,1.0,
2023-12-08,10000.0,10000.0,0.0,0.0,0.0,1.0,
2023-12-11,10000.0,10000.0,0.0,0.0,0.0,1.0,
2023-12-12,10000.0,10000.0,0.0,0.0,0.0,1.0,
2023-12-13,10000.0,10000.0,0.0,0.0,0.0,1.0,
2023-12-14,10000.0,10000.0,0.0,0.0,0.0,1.0,
2023-12-15,10000.0,10000.0,0.0,0.0,0.0,1.0,
2023-12-18,10000.0,10000.0,0.0,0.0,0.0,1.0,
2023-12-19,10000.0,10000.0,0.0,0.0,0.0,1.0,
2023-12-20,10000.0,10000.0,0.0,0.0,0.0,1.0,
2023-12-21,10000.0,10000.0,0.0,0.0,0.0,1.0,
2023-12-22,10000.0,10000.0,0.0,0.0,0.0,1.0,
2023-12-26,10000.0,10000.0,0.0,0.0,0.0,1.0,
2023-12-27,10000.0,10000.0,0.0,0.0,0.0,1.0,
2023-12-28,10000.0,10000.0,0.0,0.0,0.0,1.0,
2023-12-29,10000.0,10000.0,0.0,0.0,0.0,1.0,
2024-01-02,10000.0,10000.0,0.0,0.0,0.0,1.0,
2024-01-03,10000.0,10000.0,0.0,0.0,0.0,1.0,
2024-01-04,10000.0,10000.0,0.0,0.0,0.0,1.0,
2024-01-05,10000.0,10000.0,0.0,0.0,0.0,1.0,
2024-01-08,10000.0,10000.0,0.0,0.0,0.0,1.0,
2024-01-09,10000.0,10000.0,0.0,0.0,0.0,1.0,
2024-01-10,10000.0,10000.0,0.0,0.0,0.0,1.0,
2024-01-11,10000.0,10000.0,0.0,0.0,0.0,1.0,
2024-01-12,10000.0,10000.0,0.0,0.0,0.0,1.0,
2024-01-16,10000.0,10000.0,0.0,0.0,0.0,1.0,
2024-01-17,10000.0,10000.0,0.0,0.0,0.0,1.0,
2024-01-18,9999.65,6100.1,0.0,0.0,2.73,1.0,"MDB:5,SHOP:25"
2024-01-19,10105.1,6100.1,0.0,0.0,2.73,1.0,"MDB:5,SHOP:25"
2024-01-22,10273.78,10273.78,273.78,273.78,5.78,1.0,
2024-01-23,10273.78,10273.78,0.0,273.78,5.78,1.0,
2024-01-24,10222.69,8261.41,0.0,273.78,7.18,1.0,DDOG:16
2024-01-25,10180.43,5151.06,-85.97,187.81,12.12,0.54,"CRDO:51,MDB:2,NET:13,PANW:6,SHOP:13"
2024-01-26,10142.52,4212.34,32.49,220.29,14.3,1.0,"CRDO:51,INTC:46,MDB:2,NET:13,PANW:6"
2024-01-29,10279.36,4212.34,0.0,220.29,14.3,0.53,"CRDO:51,INTC:46,MDB:2,NET:13,PANW:6"
2024-01-30,10223.6,3009.49,22.59,242.88,16.34,1.0,"CRDO:51,INTC:46,NET:13,ORCL:18,PANW:6"
2024-01-31,10070.32,4106.33,-97.39,145.49,19.99,1.0,"INTC:46,MU:23,ORCL:18"
2024-02-01,10098.36,2135.87,-16.67,128.83,24.21,1.0,"MU:23,ORCL:18,SHOP:25,STX:23"
2024-02-02,10328.49,2250.24,65.7,194.53,27.05,1.0,"GOOGL:14,MU:23,ORCL:18,STX:23"
2024-02-05,10340.37,2270.12,149.98,344.51,32.92,1.0,"MRVL:31,MU:23,VZ:49,STX:23"
2024-02-06,10291.07,4213.98,-46.01,298.49,34.34,1.0,"MRVL:31,VZ:49,STX:23"
2024-02-07,10304.62,8323.55,67.87,366.36,37.34,1.0,VZ:49
2024-02-08,10302.68,8273.83,-33.95,332.41,43.2,1.0,WDC:47
2024-02-09,10292.02,8273.83,0.0,332.41,43.2,1.0,WDC:47
2024-02-12,10309.78,8273.83,0.0,332.41,43.2,1.0,WDC:47
2024-02-13,10244.22,10244.22,-88.19,244.22,44.64,1.0,
2024-02-14,10244.22,10244.22,0.0,244.22,44.64,1.0,
2024-02-15,10244.22,10244.22,0.0,244.22,44.64,1.0,
2024-02-16,10244.22,10244.22,0.0,244.22,44.64,1.0,
2024-02-20,10244.22,10244.22,0.0,244.22,44.64,1.0,
2024-02-21,10244.22,10244.22,0.0,244.22,44.64,1.0,
2024-02-22,10244.22,10244.22,0.0,244.22,44.64,1.0,
2024-02-23,10244.22,10244.22,0.0,244.22,44.64,1.0,
2024-02-26,10244.22,10244.22,0.0,244.22,44.64,1.0,
2024-02-27,10244.22,10244.22,0.0,244.22,44.64,1.0,
2024-02-28,10244.22,10244.22,0.0,244.22,44.64,1.0,
2024-02-29,10244.22,10244.22,0.0,244.22,44.64,1.0,
2024-03-01,10244.22,10244.22,0.0,244.22,44.64,0.0,
2024-03-04,10244.22,10244.22,0.0,244.22,44.64,0.0,
2024-03-05,10244.22,10244.22,0.0,244.22,44.64,1.0,
2024-03-06,10244.22,10244.22,0.0,244.22,44.64,1.0,
2024-03-07,10244.22,10244.22,0.0,244.22,44.64,1.0,
2024-03-08,10244.22,10244.22,0.0,244.22,44.64,1.0,
2024-03-11,10244.22,10244.22,0.0,244.22,44.64,1.0,
2024-03-12,10244.22,10244.22,0.0,244.22,44.64,1.0,
2024-03-13,10244.22,10244.22,0.0,244.22,44.64,1.0,
2024-03-14,10244.22,10244.22,0.0,244.22,44.64,1.0,
2024-03-15,10244.22,10244.22,0.0,244.22,44.64,1.0,
2024-03-18,10257.87,4412.06,0.0,244.22,48.72,1.0,"CRM:6,FTNT:30,WDC:45"
2024-03-19,10320.31,2446.33,63.03,307.25,53.05,1.0,"AMD:11,CRM:6,FTNT:30,WDC:45"
2024-03-20,10326.79,4389.18,-85.91,221.34,54.47,1.0,"CRM:6,FTNT:30,WDC:45"
2024-03-21,10496.44,8439.64,236.22,457.56,57.43,1.0,FTNT:30
2024-03-22,10525.9,8550.19,31.46,489.02,60.28,1.0,AMD:11
2024-03-25,10536.39,8844.83,55.21,544.23,62.93,1.0,MSFT:4
2024-03-26,10501.92,4726.24,0.0,544.23,65.81,1.0,"AVGO:15,FTNT:31,MSFT:4"
2024-03-27,10501.21,582.78,0.0,544.23,68.71,1.0,"AVGO:15,CRWD:26,FTNT:31,MSFT:4,NVDA:23"
2024-03-28,10527.91,582.78,0.0,544.23,68.71,1.0,"AVGO:15,CRWD:26,FTNT:31,MSFT:4,NVDA:23"
2024-04-01,10562.41,6406.71,5.94,550.17,72.96,1.0,"CRWD:26,NVDA:23"
2024-04-02,10695.8,4487.07,-10.14,540.03,80.22,1.0,"CRM:7,META:4,NET:22"
2024-04-03,10642.37,4456.2,162.21,702.24,89.13,1.0,"INTC:51,NET:22,NVDA:23"
2024-04-04,10596.09,6512.78,2.89,705.13,96.64,1.0,"GOOGL:14,NVDA:23"
2024-04-05,10663.48,4400.0,0.0,705.13,98.12,1.0,"GOOGL:14,NVDA:23,VZ:50"
2024-04-08,10660.86,4400.0,0.0,705.13,98.12,0.0,"GOOGL:14,NVDA:23,VZ:50"
2024-04-09,10605.39,8563.39,-28.96,676.17,101.16,0.0,VZ:50
2024-04-10,10585.34,10585.34,-90.83,585.34,102.64,0.0,
2024-04-11,10585.34,10585.34,0.0,585.34,102.64,0.0,
2024-04-12,10585.34,10585.34,0.0,585.34,102.64,0.0,
2024-04-15,10497.02,246.17,0.0,585.34,109.87,1.0,"AVGO:16,DDOG:16,META:4,NVDA:24,WDC:39"
2024-04-16,10595.02,246.17,0.0,585.34,109.87,0.42,"AVGO:16,DDOG:16,META:4,NVDA:24,WDC:39"
2024-04-17,10347.88,2669.12,-32.17,553.18,114.03,0.42,"AVGO:16,DDOG:16,LRCX:9,MU:7,NVDA:24"
2024-04-18,10256.34,6810.35,-252.62,300.56,119.16,0.73,"DDOG:16,WDC:28"
2024-04-19,10036.31,7205.62,-209.92,90.64,125.61,0.73,"META:3,MU:13"
2024-04-22,10085.02,5752.1,0.0,90.64,126.63,0.73,"META:3,MU:13,WDC:29"
2024-04-23,10190.56,8702.14,74.55,165.18,128.78,0.0,META:3
2024-04-24,10290.28,8870.76,56.36,221.55,130.84,0.67,PEP:8
2024-04-25,10305.71,10305.71,84.17,305.71,131.88,0.0,
2024-04-26,10305.71,10305.71,0.0,305.71,131.88,0.0,
2024-04-29,10305.71,10305.71,0.0,305.71,131.88,0.0,
2024-04-30,10304.34,9073.32,0.0,305.71,132.75,0.65,PEP:7
2024-05-01,10255.37,5120.76,-21.11,284.6,139.1,0.65,"KO:21,MU:12,PANW:9,PEP:7"
2024-05-02,10353.77,3828.7,0.0,284.6,140.0,0.65,"KO:21,MU:12,PANW:9,PEP:7,WDC:25"
2024-05-03,10438.34,5227.91,90.66,375.26,142.9,0.65,"GOOGL:8,KO:21,PANW:9,PEP:7"
2024-05-06,10455.64,7801.2,32.45,407.71,144.78,0.65,"GOOGL:8,KO:21"
2024-05-07,10473.68,10473.68,65.97,473.68,146.74,0.0,
2024-05-08,10422.06,10422.06,-51.61,422.06,148.44,0.6,
2024-05-09,10422.06,10422.06,0.0,422.06,148.44,0.0,
2024-05-10,10426.17,8402.73,0.0,422.06,149.85,1.0,GOOGL:12
2024-05-13,10432.89,8402.73,0.0,422.06,149.85,0.65,GOOGL:12
2024-05-14,10516.81,6361.48,0.0,422.06,151.28,1.0,"GOOGL:12,WDC:38"
2024-05-15,10583.13,8512.05,109.32,531.39,152.85,1.0,GOOGL:12
2024-05-16,10591.78,8498.26,68.18,599.57,155.85,1.0,VZ:52
2024-05-17,10574.7,2353.16,0.0,599.57,160.15,1.0,"LRCX:23,MU:16,NVDA:22,VZ:52"
2024-05-20,10752.53,8665.77,167.51,767.07,164.76,1.0,VZ:52
2024-05-21,10727.57,8665.77,0.0,767.07,164.76,1.0,VZ:52
2024-05-22,10780.41,2652.45,-32.86,734.21,171.92,1.0,"CRWD:24,MDB:5,NVDA:22,PANW:14"
2024-05-23,11038.97,8986.07,323.81,1058.02,176.55,0.0,CRWD:24
2024-05-24,11120.66,2644.65,45.84,1103.86,184.01,1.0,"AAPL:11,MSFT:5,NOW:14,STX:23"
2024-05-28,11140.38,4856.37,57.6,1161.46,185.63,1.0,"AAPL:11,MSFT:5,NOW:14"
2024-05-29,11174.52,1448.4,0.0,1161.46,188.01,0.78,"AAPL:11,CRWD:20,MSFT:5,NOW:14,PANW:11"
2024-05-30,10742.06,8634.44,-349.91,811.54,196.38,1.0,ORCL:18
2024-05-31,10613.99,3113.57,-250.52,561.03,208.29,0.89,"GOOGL:11,MRVL:27,NVDA:17,WDC:33"
2024-06-03,10712.3,8806.88,148.49,709.52,212.45,0.0,GOOGL:11
2024-06-04,10718.57,8806.88,0.0,709.52,212.45,1.0,GOOGL:11
2024-06-05,10736.72,8806.88,0.0,709.52,212.45,1.0,GOOGL:11
2024-06-06,10746.69,10746.69,37.17,746.69,213.87,1.0,
2024-06-07,10746.69,10746.69,0.0,746.69,213.87,0.0,
2024-06-10,10746.69,10746.69,0.0,746.69,213.87,0.0,
2024-06-11,10746.69,10746.69,0.0,746.69,213.87,1.0,
2024-06-12,10746.69,10746.69,0.0,746.69,213.87,1.0,
2024-06-13,10746.69,10746.69,0.0,746.69,213.87,1.0,
2024-06-14,10748.03,8731.11,0.0,746.69,215.28,1.0,META:4
2024-06-17,10890.25,2491.85,69.49,816.18,222.73,1.0,"CRDO:75,META:4,MRVL:30,PANW:13"
2024-06-18,10966.19,6906.72,147.07,963.25,225.95,0.0,"META:4,PANW:13"
2024-06-20,10931.9,8910.01,-12.28,950.97,227.41,0.0,PANW:13
2024-06-21,10994.19,10994.19,43.22,994.19,228.94,0.0,
2024-06-24,10994.19,10994.19,0.0,994.19,228.94,0.0,
2024-06-25,10994.19,10994.19,0.0,994.19,228.94,0.0,
2024-06-26,10994.19,10994.19,0.0,994.19,228.94,0.0,
2024-06-27,10994.19,10994.19,0.0,994.19,228.94,0.0,
2024-06-28,10980.51,8826.39,0.0,994.19,230.45,1.0,CDNS:7
2024-07-01,11208.06,738.88,53.92,1048.11,239.27,1.0,"CDNS:7,CRWD:23,META:4,MSFT:4,WDC:38"
2024-07-02,11284.03,739.97,6.88,1054.99,242.41,1.0,"CDNS:7,META:4,MSFT:4,NVDA:18,WDC:38"
2024-07-03,11388.48,2983.36,92.97,1147.96,244.05,0.0,"CDNS:7,META:4,MSFT:4,NVDA:18"
2024-07-05,11518.55,9273.67,363.95,1511.9,251.84,1.0,STX:22
2024-07-08,11667.94,304.81,0.0,1511.9,258.12,1.0,"CRWD:24,DDOG:17,NOW:15,PANW:13,STX:22"
2024-07-09,11528.88,501.52,134.23,1646.14,264.65,1.0,"CDNS:7,DDOG:17,NOW:15,ORCL:16,PANW:13"
2024-07-10,11533.5,295.72,-193.69,1452.44,270.97,1.0,"CDNS:7,CRDO:73,ORCL:16,PANW:13,VZ:55"
2024-07-11,11439.29,295.72,0.0,1452.44,270.97,1.0,"CDNS:7,CRDO:73,ORCL:16,PANW:13,VZ:55"
2024-07-12,11541.61,2478.96,19.26,1471.7,272.56,1.0,"CDNS:7,CRDO:73,ORCL:16,VZ:55"
2024-07-15,11621.93,9377.93,162.29,1633.99,277.6,1.0,VZ:55
2024-07-16,11655.43,11655.43,21.44,1655.43,279.27,0.0,
2024-07-17,11655.43,11655.43,0.0,1655.43,279.27,0.0,
2024-07-18,11655.43,11655.43,0.0,1655.43,279.27,0.0,
2024-07-19,11655.43,11655.43,0.0,1655.43,279.27,0.0,
2024-07-22,11655.43,11655.43,0.0,1655.43,279.27,0.0,
2024-07-23,11655.43,11655.43,0.0,1655.43,279.27,0.0,
2024-07-24,11655.43,11655.43,0.0,1655.43,279.27,0.0,
2024-07-25,11655.43,11655.43,0.0,1655.43,279.27,0.0,
2024-07-26,11655.43,11655.43,0.0,1655.43,279.27,0.0,
2024-07-29,11655.43,11655.43,0.0,1655.43,279.27,1.0,
2024-07-30,11655.43,11655.43,0.0,1655.43,279.27,1.0,
2024-07-31,11655.43,11655.43,0.0,1655.43,279.27,1.0,
2024-08-01,11629.88,7120.94,0.0,1655.43,282.44,1.0,"CRM:9,NET:30"
2024-08-02,11663.62,11663.62,8.19,1663.62,285.76,0.0,
2024-08-05,12051.89,9702.51,397.0,2060.62,297.36,1.0,VZ:59
2024-08-06,12077.85,9702.51,0.0,2060.62,297.36,1.0,VZ:59
2024-08-07,12079.62,9702.51,0.0,2060.62,297.36,1.0,VZ:59
2024-08-08,12093.19,9702.51,0.0,2060.62,297.36,1.0,VZ:59
2024-08-09,12105.77,12105.77,45.15,2105.77,299.12,1.0,
2024-08-12,12105.77,12105.77,0.0,2105.77,299.12,1.0,
2024-08-13,12105.77,12105.77,0.0,2105.77,299.12,1.0,
2024-08-14,12105.77,12105.77,0.0,2105.77,299.12,1.0,
2024-08-15,12085.31,9722.66,0.0,2105.77,300.78,1.0,VZ:59
2024-08-16,12118.35,9722.66,0.0,2105.77,300.78,1.0,VZ:59
2024-08-19,12126.32,9722.66,0.0,2105.77,300.78,1.0,VZ:59
2024-08-20,12123.44,7357.59,0.0,2105.77,302.44,1.0,"CRM:9,VZ:59"
2024-08-21,12144.55,7405.18,36.25,2142.02,305.86,1.0,"CRM:9,NET:29"
2024-08-22,11967.9,452.09,0.0,2142.02,310.73,1.0,"AMD:15,CRM:9,MDB:9,NET:29,NVDA:19"
2024-08-23,12225.24,589.19,54.11,2196.13,314.11,1.0,"AMD:15,CRM:9,MDB:9,NET:29,NOW:14"
2024-08-26,12234.9,2925.52,59.02,2255.15,319.24,1.0,"MDB:9,NET:29,NOW:14,STX:23"
2024-08-27,12184.33,5090.74,-59.13,2196.02,327.66,1.0,"NOW:14,PANW:14,STX:23"
2024-08-28,12090.16,244.0,-103.14,2092.88,334.31,1.0,"CRM:9,NET:30,NOW:14,NVDA:19,PANW:14"
2024-08-29,12245.68,7495.0,153.66,2246.54,342.94,1.0,"CRM:9,NET:30"
2024-08-30,12265.27,9989.08,70.78,2317.32,344.76,1.0,CRM:9
2024-09-03,12180.76,9127.75,-98.27,2219.05,348.55,0.28,"AVGO:4,CRDO:21,META:1,NET:8,SHOP:9"
2024-09-04,12220.44,5646.03,-55.57,2163.48,352.8,1.0,"AVGO:4,META:1,ORCL:17,PANW:14,SHOP:9"
2024-09-05,12397.6,5806.15,232.79,2396.27,359.86,1.0,"AVGO:4,FTNT:32,META:1,PANW:14,SHOP:9"
2024-09-06,12244.55,2228.41,-73.51,2322.75,364.06,1.0,"FTNT:32,META:1,MRVL:37,NOW:14,PANW:14"
2024-09-09,12429.13,7617.52,111.45,2434.2,368.0,1.0,"FTNT:32,PANW:14"
2024-09-10,12484.09,10049.85,48.97,2483.17,369.77,1.0,FTNT:32
2024-09-11,12503.47,12503.47,20.3,2503.47,371.57,1.0,
2024-09-12,12525.88,10068.04,0.0,2503.47,373.27,1.0,FTNT:33
2024-09-13,12536.43,7741.51,0.0,2503.47,374.9,1.0,"FTNT:33,MDB:8"
2024-09-16,12585.02,5250.75,0.0,2503.47,376.64,1.0,"FTNT:33,MDB:8,MRVL:34"
2024-09-17,12517.32,492.74,65.62,2569.09,383.54,1.0,"AVGO:15,MDB:8,MRVL:34,NET:31,PANW:14"
2024-09-18,12334.53,2837.55,-138.02,2431.07,391.94,1.0,"AMD:16,CRM:9,MRVL:34,NET:31"
2024-09-19,12768.34,12768.34,337.27,2768.34,399.2,1.0,
2024-09-20,12781.24,10275.28,0.0,2768.34,400.94,1.0,MDB:9
2024-09-23,12836.86,3079.53,0.0,2768.34,405.97,1.0,"MDB:9,MRVL:36,MSFT:5,ORCL:15"
2024-09-24,12847.24,3131.21,51.68,2820.02,409.65,1.0,"MDB:9,MRVL:36,MSFT:5,ORCL:15"
2024-09-25,12867.44,698.58,0.0,2820.02,411.35,1.0,"CDNS:9,MDB:9,MRVL:36,MSFT:5,ORCL:15"
2024-09-26,13036.83,6623.73,167.28,2987.3,418.13,0.35,"MSFT:5,ORCL:15,PANW:5,SHOP:11"
2024-09-27,13000.9,10426.66,20.48,3007.78,422.15,0.35,"AVGO:5,PANW:5,SHOP:11"
2024-09-30,13084.05,5352.39,0.0,3007.78,425.7,1.0,"AVGO:5,MSFT:6,NVDA:21,PANW:5,SHOP:11"
2024-10-01,12856.35,5352.39,0.0,3007.78,425.7,1.0,"AVGO:5,MSFT:6,NVDA:21,PANW:5,SHOP:11"
2024-10-02,12903.85,7052.3,-17.07,2990.71,426.94,1.0,"AVGO:5,MSFT:6,NVDA:21"
2024-10-03,13011.34,9404.78,92.09,3082.8,430.23,0.43,"MSFT:6,WDC:22"
2024-10-04,13019.64,9310.45,-83.12,2999.67,433.86,1.0,"VZ:59,WDC:22"
2024-10-07,13003.92,1818.28,0.0,2999.67,439.1,1.0,"CDNS:9,LRCX:32,VZ:59,WDC:22,STX:24"
2024-10-08,13148.25,1818.28,0.0,2999.67,439.1,1.0,"CDNS:9,LRCX:32,VZ:59,WDC:22,STX:24"
2024-10-09,13231.16,8005.48,188.36,3188.03,447.33,1.0,"MRVL:36,VZ:59"
2024-10-10,13147.04,10536.32,-56.47,3131.57,449.18,0.0,MRVL:36
2024-10-11,13198.3,13198.3,66.74,3198.3,451.13,0.0,
2024-10-14,13198.3,13198.3,0.0,3198.3,451.13,0.0,
2024-10-15,13198.3,13198.3,0.0,3198.3,451.13,0.0,
2024-10-16,13198.3,13198.3,0.0,3198.3,451.13,0.0,
2024-10-17,13162.51,7453.51,0.0,3198.3,455.15,0.47,"AMD:7,FTNT:15,GOOGL:7,MDB:4,NET:13"
2024-10-18,13188.07,7453.51,0.0,3198.3,455.15,0.47,"AMD:7,FTNT:15,GOOGL:7,MDB:4,NET:13"
2024-10-21,13219.63,7597.21,29.18,3227.48,456.81,0.47,"AMD:7,GOOGL:7,MDB:4,NET:13,NOW:6"
2024-10-22,13134.68,8649.15,-47.37,3180.11,457.58,0.0,"AMD:7,GOOGL:7,NET:13,NOW:6"
2024-10-23,13072.17,11982.66,-110.21,3069.9,460.01,0.0,NOW:6
2024-10-24,13120.21,13120.21,50.32,3120.21,460.84,0.0,
2024-10-25,13120.21,13120.21,0.0,3120.21,460.84,0.0,
2024-10-28,13120.21,13120.21,0.0,3120.21,460.84,0.0,
2024-10-29,13120.21,13120.21,0.0,3120.21,460.84,0.0,
2024-10-30,13120.21,13120.21,0.0,3120.21,460.84,0.0,
2024-10-31,13120.21,13120.21,0.0,3120.21,460.84,0.0,
2024-11-01,13120.21,13120.21,0.0,3120.21,460.84,0.0,
2024-11-04,13120.21,13120.21,0.0,3120.21,460.84,0.0,
2024-11-05,13120.21,13120.21,0.0,3120.21,460.84,1.0,
2024-11-06,13120.21,13120.21,0.0,3120.21,460.84,0.0,
2024-11-07,13120.21,13120.21,0.0,3120.21,460.84,0.0,
2024-11-08,13176.9,11683.62,48.95,3169.17,464.14,0.6,DDOG:12
2024-11-11,13181.37,5961.18,0.0,3169.17,468.14,0.6,"DDOG:12,LRCX:20,MSFT:3,MU:14,NVDA:10"
2024-11-12,13150.47,5929.61,-33.28,3135.89,472.35,0.6,"AVGO:8,DDOG:12,LRCX:20,MSFT:3,WDC:32"
2024-11-13,13155.59,7494.33,79.18,3215.06,473.49,0.0,"AVGO:8,LRCX:20,MSFT:3,WDC:32"
2024-11-14,13162.61,7494.33,0.0,3215.06,473.49,0.0,"AVGO:8,LRCX:20,MSFT:3,WDC:32"
2024-11-15,12983.16,8907.69,-188.08,3026.98,479.49,0.36,"MRVL:10,NOW:4,SHOP:8,WDC:32"
2024-11-18,13013.48,9541.61,7.74,3034.72,481.28,0.36,"CRDO:23,MRVL:10,NOW:4,SHOP:8"
2024-11-19,13098.87,9834.16,43.85,3078.58,483.7,0.36,"CRM:2,FTNT:10,MRVL:10,NOW:4"
2024-11-20,13137.49,7225.8,0.0,3078.58,485.53,1.0,"CRM:2,FTNT:10,INTC:109,MRVL:10,NOW:4"
2024-11-21,13297.62,10784.01,207.13,3285.71,495.27,1.0,AAPL:11
2024-11-22,13313.45,5740.57,0.0,3285.71,498.79,1.0,"AAPL:11,NVDA:18,PANW:13"
2024-11-25,13300.22,10738.54,-45.47,3240.24,502.45,1.0,AAPL:11
2024-11-26,13321.02,10558.58,71.45,3311.68,506.25,0.35,"INTC:38,MRVL:10,MU:9"
2024-11-27,13202.93,8863.68,-118.12,3193.56,511.21,0.35,"CRDO:20,CRWD:10,DDOG:6,NOW:4,NVDA:6"
2024-11-29,13338.66,10714.16,139.59,3333.15,512.56,0.35,"CRWD:10,DDOG:6,NOW:4"
2024-12-02,13337.85,10714.16,0.0,3333.15,512.56,1.0,"CRWD:10,DDOG:6,NOW:4"
2024-12-03,13409.72,5457.08,30.4,3363.56,520.02,1.0,"CRM:8,FTNT:28,INTC:117"
2024-12-04,13635.58,13635.58,272.02,3635.58,526.0,0.42,
2024-12-05,13614.61,10982.26,0.0,3635.58,527.85,1.0,LRCX:35
2024-12-06,13663.26,10982.26,0.0,3635.58,527.85,1.0,LRCX:35
2024-12-09,13590.19,547.76,46.88,3682.46,539.01,1.0,"CRM:7,DDOG:17,MRVL:25,NVDA:19,PANW:13"
2024-12-10,13337.06,3130.12,-233.92,3448.53,544.69,1.0,"CRM:7,NVDA:19,ORCL:15,PANW:13"
2024-12-11,13527.56,454.99,0.0,3448.53,546.56,1.0,"CRM:7,MDB:9,NVDA:19,ORCL:15,PANW:13"
2024-12-12,13300.0,359.59,-115.08,3333.45,550.29,1.0,"CRM:7,NVDA:19,ORCL:15,PANW:13,WDC:52"
2024-12-13,13085.13,5415.45,-170.33,3163.12,561.27,1.0,"DDOG:17,NOW:11,ORCL:15"
2024-12-16,13176.14,4991.17,-85.83,3077.29,565.23,0.62,"CRM:4,DDOG:17,NOW:11,PANW:8"
2024-12-17,13126.27,7220.74,89.22,3166.51,569.8,0.81,"CRM:4,FTNT:21,NOW:11"
2024-12-18,12847.37,9007.27,-252.55,2913.96,576.69,0.81,"DDOG:13,PANW:10"
2024-12-19,12730.61,1452.47,0.0,2913.96,581.98,1.0,"DDOG:13,FTNT:26,MRVL:23,NET:23,PANW:10"
2024-12-20,13009.97,5706.51,72.32,2986.28,595.05,1.0,"FTNT:26,MSFT:5,NET:23"
2024-12-23,12957.88,5706.51,0.0,2986.28,595.05,0.0,"FTNT:26,MSFT:5,NET:23"
2024-12-24,13008.71,5706.51,0.0,2986.28,595.05,0.0,"FTNT:26,MSFT:5,NET:23"
2024-12-26,13006.08,13006.08,19.8,3006.08,600.39,0.0,
2024-12-27,13006.08,13006.08,0.0,3006.08,600.39,0.0,
2024-12-30,13006.08,13006.08,0.0,3006.08,600.39,0.0,
2024-12-31,13006.08,13006.08,0.0,3006.08,600.39,0.0,
2025-01-02,13006.08,13006.08,0.0,3006.08,600.39,0.0,
2025-01-03,13006.08,13006.08,0.0,3006.08,600.39,0.0,
2025-01-06,13006.08,13006.08,0.0,3006.08,600.39,0.0,
2025-01-07,13006.08,13006.08,0.0,3006.08,600.39,0.0,
2025-01-08,13006.08,13006.08,0.0,3006.08,600.39,0.0,
2025-01-10,13006.08,13006.08,0.0,3006.08,600.39,0.0,
2025-01-13,13006.08,13006.08,0.0,3006.08,600.39,0.0,
2025-01-14,13006.08,13006.08,0.0,3006.08,600.39,0.0,
2025-01-15,13006.08,13006.08,0.0,3006.08,600.39,0.0,
2025-01-16,13006.08,13006.08,0.0,3006.08,600.39,0.0,
2025-01-17,13006.08,13006.08,0.0,3006.08,600.39,0.0,
2025-01-21,13006.08,13006.08,0.0,3006.08,600.39,0.0,
2025-01-22,13006.08,13006.08,0.0,3006.08,600.39,0.0,
2025-01-23,13006.08,13006.08,0.0,3006.08,600.39,0.0,
2025-01-24,13006.08,13006.08,0.0,3006.08,600.39,0.0,
2025-01-27,13006.08,13006.08,0.0,3006.08,600.39,1.0,
2025-01-28,13006.08,13006.08,0.0,3006.08,600.39,0.0,
2025-01-29,13006.08,13006.08,0.0,3006.08,600.39,0.0,
2025-01-30,13006.08,13006.08,0.0,3006.08,600.39,0.0,
2025-01-31,13006.08,13006.08,0.0,3006.08,600.39,0.0,
2025-02-03,13006.08,13006.08,0.0,3006.08,600.39,0.0,
2025-02-04,13006.08,13006.08,0.0,3006.08,600.39,0.0,
2025-02-05,13006.08,13006.08,0.0,3006.08,600.39,0.0,
2025-02-06,13006.08,13006.08,0.0,3006.08,600.39,0.0,
2025-02-07,13006.08,13006.08,0.0,3006.08,600.39,0.0,
2025-02-10,13006.08,13006.08,0.0,3006.08,600.39,0.0,
2025-02-11,13006.08,13006.08,0.0,3006.08,600.39,0.0,
2025-02-12,13006.08,13006.08,0.0,3006.08,600.39,0.0,
2025-02-13,13006.08,13006.08,0.0,3006.08,600.39,0.0,
2025-02-14,13006.08,13006.08,0.0,3006.08,600.39,0.0,
2025-02-18,13006.08,13006.08,0.0,3006.08,600.39,0.0,
2025-02-19,13006.08,13006.08,0.0,3006.08,600.39,0.0,
2025-02-20,13006.08,13006.08,0.0,3006.08,600.39,0.0,
2025-02-21,13006.08,13006.08,0.0,3006.08,600.39,0.0,
2025-02-24,13006.08,13006.08,0.0,3006.08,600.39,0.0,
2025-02-25,13006.08,13006.08,0.0,3006.08,600.39,0.0,
2025-02-26,13006.08,13006.08,0.0,3006.08,600.39,0.0,
2025-02-27,13006.08,13006.08,0.0,3006.08,600.39,0.0,
2025-02-28,13006.08,13006.08,0.0,3006.08,600.39,0.0,
2025-03-03,13006.08,13006.08,0.0,3006.08,600.39,0.0,
2025-03-04,13006.08,13006.08,0.0,3006.08,600.39,0.0,
2025-03-05,13006.08,13006.08,0.0,3006.08,600.39,0.0,
2025-03-06,13006.08,13006.08,0.0,3006.08,600.39,0.0,
2025-03-07,13006.08,13006.08,0.0,3006.08,600.39,0.0,
2025-03-10,13006.08,13006.08,0.0,3006.08,600.39,0.0,
2025-03-11,13006.08,13006.08,0.0,3006.08,600.39,0.0,
2025-03-12,13006.08,13006.08,0.0,3006.08,600.39,0.0,
2025-03-13,13006.08,13006.08,0.0,3006.08,600.39,0.0,
2025-03-14,13006.08,13006.08,0.0,3006.08,600.39,0.0,
2025-03-17,13006.08,13006.08,0.0,3006.08,600.39,0.0,
2025-03-18,13006.08,13006.08,0.0,3006.08,600.39,1.0,
2025-03-19,13020.35,7938.01,0.0,3006.08,603.93,1.0,"KO:37,PEP:17"
2025-03-20,13020.21,5359.27,0.0,3006.08,605.74,1.0,"KO:37,PEP:17,VZ:59"
2025-03-21,12996.49,225.09,0.0,3006.08,609.33,1.0,"KO:37,MNST:91,MU:27,PEP:17,VZ:59"
2025-03-24,13084.38,2847.38,65.59,3071.67,611.24,1.0,"KO:37,MNST:91,PEP:17,VZ:59"
2025-03-25,13058.65,7860.11,-55.34,3016.33,614.9,0.6,"MNST:91,VZ:59"
2025-03-26,13090.23,10462.15,23.3,3039.63,616.81,0.0,MNST:91
2025-03-27,13162.11,10062.45,76.45,3116.08,620.88,0.6,"AMD:14,INTC:68"
2025-03-28,13091.34,11646.26,18.31,3134.4,622.04,0.0,AMD:14
2025-03-31,13059.08,11492.09,-88.46,3045.94,624.15,0.6,INTC:69
2025-04-01,13013.89,11492.09,0.0,3045.94,624.15,0.0,INTC:69
2025-04-02,13008.37,11492.09,0.0,3045.94,624.15,0.0,INTC:69
2025-04-03,12966.88,12966.88,-79.06,2966.88,625.22,0.0,
2025-04-04,12966.88,12966.88,0.0,2966.88,625.22,0.0,
2025-04-07,12966.88,12966.88,0.0,2966.88,625.22,0.0,
2025-04-08,12966.88,12966.88,0.0,2966.88,625.22,0.0,
2025-04-09,12966.88,12966.88,0.0,2966.88,625.22,0.0,
2025-04-10,12966.88,12966.88,0.0,2966.88,625.22,0.0,
2025-04-11,12966.88,12966.88,0.0,2966.88,625.22,0.0,
2025-04-14,12966.88,12966.88,0.0,2966.88,625.22,0.0,
2025-04-15,12966.88,12966.88,0.0,2966.88,625.22,0.0,
2025-04-16,12978.73,10384.43,0.0,2966.88,627.03,1.0,CDNS:10
2025-04-17,12997.24,7795.59,0.0,2966.88,628.84,1.0,"CDNS:10,VZ:59"
2025-04-21,12802.42,10269.55,-108.49,2858.38,630.65,1.0,VZ:59
2025-04-22,12743.91,12743.91,-114.47,2743.91,632.46,1.0,
2025-04-23,12743.91,12743.91,0.0,2743.91,632.46,1.0,
2025-04-24,12743.91,12743.91,0.0,2743.91,632.46,1.0,
2025-04-25,12743.91,12743.91,0.0,2743.91,632.46,1.0,
2025-04-28,12743.91,12743.91,0.0,2743.91,632.46,1.0,
2025-04-29,12743.91,12743.91,0.0,2743.91,632.46,1.0,
2025-04-30,12984.44,5647.6,43.16,2787.07,641.08,1.0,"AVGO:13,MSFT:6,NOW:13"
2025-05-01,13300.57,13300.57,513.51,3300.57,646.67,1.0,
2025-05-02,13300.57,13300.57,0.0,3300.57,646.67,1.0,
2025-05-05,13304.2,10647.04,0.0,3300.57,648.52,1.0,VZ:61
2025-05-06,13517.5,464.57,51.38,3351.95,659.44,1.0,"AVGO:13,CRM:9,NET:22,NVDA:23,VZ:61"
2025-05-07,13701.37,3136.3,175.92,3527.87,665.16,1.0,"AMD:27,CRM:9,NET:22,VZ:61"
2025-05-08,13796.01,8496.0,219.96,3747.83,676.71,1.0,"PANW:14,VZ:61"
2025-05-09,13784.57,5645.85,2.2,3750.02,682.5,1.0,"CDNS:9,CRWD:27,PANW:14"
2025-05-12,14001.87,14001.87,251.85,4001.87,688.61,1.0,
2025-05-13,14001.87,14001.87,0.0,4001.87,688.61,1.0,
2025-05-14,14001.87,14001.87,0.0,4001.87,688.61,1.0,
2025-05-15,14106.57,3200.77,0.0,4001.87,696.16,1.0,"INTC:131,MDB:14,META:4,SNDK:70"
2025-05-16,14144.26,3129.3,45.79,4047.66,700.03,1.0,"INTC:131,LRCX:33,META:4,SNDK:70"
2025-05-19,14111.27,431.19,96.96,4144.62,706.01,1.0,"INTC:131,LRCX:33,META:4,SHOP:26,SNDK:70"
2025-05-20,14011.55,361.73,-118.62,4026.0,709.91,1.0,"INTC:131,LRCX:33,META:4,MRVL:45,SHOP:26"
2025-05-21,13694.61,5548.06,-227.59,3798.41,717.63,1.0,"LRCX:33,MRVL:45,STX:26"
2025-05-22,14007.68,3429.3,187.63,3986.04,731.1,1.0,"AMD:24,CDNS:8,MRVL:45,PANW:14"
2025-05-23,13961.23,702.33,0.0,3986.04,733.01,1.0,"AMD:24,CDNS:8,MRVL:45,PANW:14,SHOP:27"
2025-05-27,14431.14,6449.74,330.73,4316.77,741.15,1.0,"CDNS:8,CRM:10,PANW:14"
2025-05-28,14276.97,11513.27,-46.93,4269.84,744.84,1.0,CRM:10
2025-05-29,14050.9,8508.64,-236.22,4033.62,754.27,1.0,"FTNT:27,PANW:15"
2025-05-30,14223.75,524.06,131.48,4165.1,767.96,1.0,"CDNS:9,CRDO:46,DDOG:24,FTNT:27,MU:29"
2025-06-02,14434.5,3375.89,146.04,4311.14,774.07,1.0,"CDNS:9,DDOG:24,FTNT:27,NOW:14"
2025-06-03,14428.12,3146.61,58.16,4369.3,777.95,1.0,"DDOG:24,FTNT:27,GOOGL:17,NOW:14"
2025-06-04,14581.07,5987.66,167.0,4536.31,788.18,1.0,"GOOGL:17,NOW:14,SHOP:28"
2025-06-05,14644.6,304.55,0.0,4536.31,792.16,1.0,"AMD:25,GOOGL:17,NOW:14,NVDA:20,SHOP:28"
2025-06-06,14858.43,6404.47,310.09,4846.4,800.56,1.0,"AMD:25,AVGO:11,NVDA:20"
2025-06-09,15049.23,6513.59,235.21,5081.61,808.94,1.0,"AAPL:14,AVGO:11,DDOG:25"
2025-06-10,15068.48,825.27,83.06,5164.67,817.32,1.0,"AAPL:14,AVGO:11,FTNT:29,NOW:14,PANW:15"
2025-06-11,15078.88,825.27,0.0,5164.67,817.32,1.0,"AAPL:14,AVGO:11,FTNT:29,NOW:14,PANW:15"
2025-06-12,15161.5,3639.67,55.6,5220.26,819.37,1.0,"AAPL:14,FTNT:29,NOW:14,PANW:15"
2025-06-13,14981.83,3388.47,-70.47,5149.79,823.48,1.0,"FTNT:29,MRVL:44,NOW:14,PANW:15"
2025-06-16,15247.33,12240.28,80.44,5230.23,834.22,1.0,CDNS:10
2025-06-17,15444.82,9368.22,158.88,5389.1,845.03,1.0,"CDNS:10,MDB:15"
2025-06-18,15477.68,403.5,79.96,5469.07,855.75,1.0,"CDNS:10,FTNT:30,MDB:15,NOW:15,SHOP:29"
2025-06-20,15548.77,3555.04,109.19,5578.26,862.31,1.0,"AVGO:12,FTNT:30,NOW:15,SHOP:29"
2025-06-23,16005.77,3786.74,270.74,5849.0,875.59,1.0,"AVGO:12,FTNT:30,GOOGL:19,NOW:15"
2025-06-24,16233.45,13065.01,331.57,6180.57,882.37,1.0,GOOGL:19
2025-06-25,16317.1,16317.1,136.53,6317.1,884.74,1.0,
2025-06-26,16314.22,13093.94,0.0,6317.1,887.0,1.0,FTNT:31
2025-06-27,16274.86,3371.03,0.0,6317.1,893.8,1.0,"FTNT:31,MU:26,PANW:16,SNDK:69"
2025-06-30,16251.16,248.57,0.0,6317.1,895.98,1.0,"AMD:22,FTNT:31,MU:26,PANW:16,SNDK:69"
2025-07-01,15778.17,9441.56,-414.58,5902.52,902.7,1.0,"FTNT:31,PANW:16"
2025-07-02,16009.65,3516.59,196.38,6098.9,920.5,1.0,"MDB:15,MRVL:42,NET:17,PANW:16"
2025-07-03,16284.79,9908.32,192.69,6291.59,925.17,1.0,"MRVL:42,PANW:16"
2025-07-07,16139.72,9800.52,-154.02,6137.57,934.15,1.0,"AMD:23,MU:27"
2025-07-08,16246.16,413.04,190.87,6328.44,950.05,1.0,"GOOGL:18,MRVL:44,SHOP:28,WDC:50,STX:22"
2025-07-09,16330.55,413.04,0.0,6328.44,950.05,1.0,"GOOGL:18,MRVL:44,SHOP:28,WDC:50,STX:22"
2025-07-10,16493.52,413.04,0.0,6328.44,950.05,1.0,"GOOGL:18,MRVL:44,SHOP:28,WDC:50,STX:22"
2025-07-11,16536.59,6960.97,167.53,6495.97,954.83,1.0,"MRVL:44,SHOP:28,STX:22"
2025-07-14,16779.86,6985.94,271.1,6767.07,973.51,1.0,"AVGO:12,CDNS:10,SNDK:78"
2025-07-15,16795.69,7446.61,78.73,6845.81,977.96,1.0,"CDNS:10,META:4,SNDK:78"
2025-07-16,16860.3,756.43,-142.93,6702.87,987.22,1.0,"CDNS:10,INTC:147,LRCX:34,META:4,MRVL:48"
2025-07-17,16940.49,869.9,158.62,6861.49,996.77,1.0,"CDNS:10,GOOGL:18,INTC:147,META:4,MU:30"
2025-07-18,17068.61,4125.24,100.06,6961.55,1003.92,1.0,"CRDO:36,GOOGL:18,META:4,MU:30"
2025-07-21,17341.72,17341.72,380.17,7341.72,1018.48,1.0,
2025-07-22,17586.81,458.56,142.83,7484.55,1035.34,1.0,"CDNS:11,DDOG:24,NET:18,ORCL:14,STX:23"
2025-07-23,17717.05,381.93,77.68,7562.22,1040.3,1.0,"CDNS:11,DDOG:24,LRCX:36,NET:18,ORCL:14"
2025-07-24,17789.7,425.14,113.23,7675.45,1045.38,1.0,"DDOG:24,INTC:154,LRCX:36,NET:18,ORCL:14"
2025-07-25,17612.0,10688.98,-139.12,7536.33,1052.88,1.0,"LRCX:36,ORCL:14"
2025-07-28,17665.88,10654.65,90.98,7627.31,1057.81,1.0,"LRCX:36,STX:23"
2025-07-29,17706.12,7273.56,129.03,7756.34,1070.33,1.0,"AAPL:16,FTNT:34,PANW:18"
2025-07-30,17372.35,14028.03,-321.59,7434.76,1080.25,1.0,AAPL:16
2025-07-31,17528.36,7593.55,196.55,7631.31,1094.95,1.0,"AAPL:16,AVGO:11,MU:31"
2025-08-01,17355.21,721.05,-96.05,7535.26,1114.1,1.0,"AMD:20,AVGO:11,CDNS:9,DDOG:25,MRVL:46"
2025-08-04,17783.53,4225.77,69.17,7604.43,1116.66,1.0,"AVGO:11,CDNS:9,DDOG:25,MRVL:46"
2025-08-05,17732.31,7435.93,-0.04,7604.39,1128.9,1.0,"CDNS:9,WDC:47,STX:23"
2025-08-06,17479.38,388.14,-87.17,7517.22,1143.57,1.0,"CDNS:9,LRCX:36,MRVL:47,WDC:47,STX:23"
2025-08-07,18001.32,3924.63,428.75,7945.97,1161.22,1.0,"DDOG:27,ORCL:14,WDC:47,STX:23"
2025-08-08,18031.42,4468.02,30.87,7976.84,1171.0,1.0,"META:4,ORCL:14,WDC:47,STX:23"
2025-08-11,18121.05,4610.94,106.06,8082.9,1181.01,1.0,"CDNS:10,META:4,NET:17,ORCL:14"
2025-08-12,18488.25,591.24,179.28,8262.18,1193.44,1.0,"AMD:21,CDNS:10,NET:17,NVDA:20,SHOP:24"
2025-08-13,18532.26,1002.13,329.93,8592.11,1198.72,1.0,"CDNS:10,NET:17,NVDA:20,ORCL:14,SHOP:24"
2025-08-14,18357.83,701.08,-146.67,8445.43,1203.62,1.0,"CDNS:10,CRDO:31,NVDA:20,ORCL:14,SHOP:24"
2025-08-15,18272.03,4016.48,-164.98,8280.46,1211.16,1.0,"CRDO:31,NVDA:20,ORCL:14,STX:23"
2025-08-18,18430.3,4664.91,89.41,8369.87,1221.13,1.0,"LRCX:36,META:4,ORCL:14,STX:23"
2025-08-19,18100.24,838.2,-147.63,8222.24,1228.58,1.0,"AMD:21,LRCX:36,META:4,NVDA:20,STX:23"
2025-08-20,17641.36,10428.66,-622.95,7599.29,1240.72,1.0,"LRCX:36,STX:23"
2025-08-21,17535.6,7414.49,-25.46,7573.83,1247.91,1.0,"LRCX:36,MSFT:6,SHOP:26"
2025-08-22,17791.98,11194.98,237.23,7811.06,1260.72,1.0,"MSFT:6,VZ:80"
2025-08-25,17758.06,11194.98,0.0,7811.06,1260.72,1.0,"MSFT:6,VZ:80"
2025-08-26,17720.64,7679.11,0.0,7811.06,1263.18,1.0,"MSFT:6,ORCL:15,VZ:80"
2025-08-27,17825.71,4456.32,1.14,7812.2,1269.78,1.0,"AVGO:11,META:4,ORCL:15,VZ:80"
2025-08-28,18000.25,11391.13,138.12,7950.31,1279.92,1.0,"META:4,NVDA:20"
2025-08-29,17700.57,817.32,0.0,7950.31,1287.32,1.0,"AMD:21,LRCX:35,META:4,MRVL:56,NVDA:20"
2025-09-02,17481.11,10453.88,-502.88,7447.44,1294.36,1.0,"AMD:21,MRVL:56"
2025-09-03,17445.92,102.76,0.0,7447.44,1301.6,1.0,"AMD:21,INTC:146,MRVL:56,PANW:18,VZ:80"
2025-09-04,17652.45,7064.65,-31.67,7415.77,1306.68,1.0,"INTC:146,PANW:18,VZ:80"
2025-09-05,17704.34,10678.58,195.13,7610.9,1314.3,1.0,"AMD:23,VZ:80"
2025-09-08,17596.65,7275.34,-20.69,7590.21,1321.59,1.0,"AAPL:14,AMD:23,VZ:81"
2025-09-09,17654.16,3818.97,0.0,7590.21,1324.01,1.0,"AAPL:14,AMD:23,SHOP:24,VZ:81"
2025-09-10,17810.23,7282.04,195.31,7785.52,1336.31,1.0,"INTC:145,SHOP:24,VZ:81"
2025-09-11,17918.83,843.52,0.0,7785.52,1340.81,1.0,"AAPL:15,INTC:145,META:4,SHOP:24,VZ:81"
2025-09-12,17860.74,4399.22,53.02,7838.54,1343.41,1.0,"AAPL:15,INTC:145,META:4,SHOP:24"
2025-09-15,18275.66,8017.7,324.31,8162.85,1356.25,1.0,"AVGO:10,META:4,NVDA:20"
2025-09-16,18256.79,4411.07,0.0,8162.85,1358.77,1.0,"AVGO:10,DDOG:27,META:4,NVDA:20"
2025-09-17,18186.44,3986.87,-103.91,8058.94,1378.49,1.0,"DDOG:27,INTC:146,MU:22,NET:16"
2025-09-18,19546.08,11998.16,1369.06,9428.0,1389.81,1.0,"DDOG:27,ORCL:13"
2025-09-19,19672.09,15879.18,177.6,9605.61,1397.97,1.0,AVGO:11
2025-09-22,19724.24,4150.54,0.0,9605.61,1406.18,1.0,"AVGO:11,CRDO:24,NOW:21,VZ:91"
2025-09-23,19568.72,331.67,0.0,9605.61,1408.85,1.0,"AVGO:11,CRDO:24,META:5,NOW:21,VZ:91"
2025-09-24,19458.95,485.87,-44.55,9561.06,1419.82,1.0,"AVGO:11,CRWD:32,META:5,NET:17,VZ:91"
2025-09-25,19367.11,4183.25,-29.04,9532.02,1422.52,1.0,"CRWD:32,META:5,NET:17,VZ:91"
2025-09-26,19332.49,5697.76,29.53,9561.55,1427.13,0.65,"CRWD:32,META:5,NET:17,SHOP:17"
2025-09-29,19540.73,9654.75,-61.33,9500.22,1433.25,0.65,"CRWD:32,NET:17,ORCL:8"
2025-09-30,19497.77,14855.27,-27.16,9473.06,1440.43,0.65,"NOW:13,ORCL:8"
2025-10-01,19660.96,11375.57,49.35,9522.41,1446.15,0.76,"MRVL:36,NOW:13,PANW:14"
2025-10-02,19799.62,11883.33,179.76,9702.17,1454.32,0.76,"DASH:11,MSFT:5,NOW:13"
2025-10-03,19841.47,5951.73,0.0,9702.17,1458.47,0.76,"CRWD:24,DASH:11,MSFT:5,NOW:13,TSLA:7"
2025-10-06,20095.42,8389.76,165.39,9867.55,1464.51,0.76,"CRWD:24,MSFT:5,TSLA:7,STX:12"
2025-10-07,19937.73,5369.32,-50.81,9816.74,1483.04,0.76,"AVGO:9,CRWD:24,NET:13,NVDA:16,ORCL:10"
2025-10-08,20231.49,8437.6,299.49,10116.23,1493.73,0.76,"LRCX:21,NET:13,NVDA:16,STX:13"
2025-10-09,20173.81,14331.18,125.3,10241.54,1498.03,0.0,"LRCX:21,STX:13"
2025-10-10,19989.77,19989.77,-251.77,9989.77,1502.17,0.0,
2025-10-13,19989.77,19989.77,0.0,9989.77,1502.17,0.0,
2025-10-14,19989.77,19989.77,0.0,9989.77,1502.17,0.0,
2025-10-15,19989.77,19989.77,0.0,9989.77,1502.17,0.0,
2025-10-16,19989.77,19989.77,0.0,9989.77,1502.17,0.0,
2025-10-17,20199.68,487.36,74.28,10064.05,1521.6,1.0,"AVGO:11,CRWD:33,DASH:15,DDOG:26,PANW:19"
2025-10-20,20472.73,8579.09,519.66,10583.71,1544.7,1.0,"DASH:15,MRVL:47,ORCL:14"
2025-10-21,20512.76,545.23,0.0,10583.71,1550.32,1.0,"DASH:15,FTNT:49,MRVL:47,ORCL:14,STX:19"
2025-10-22,20234.27,8249.03,-337.96,10245.76,1573.1,1.0,"CRDO:29,ROST:26,TSLA:9"
2025-10-23,20653.16,16580.52,414.37,10660.13,1584.73,1.0,ROST:26
2025-10-24,20632.81,12499.56,0.0,10660.13,1587.59,1.0,"CROX:49,ROST:26"
2025-10-27,20956.9,20956.9,296.77,10956.9,1593.76,1.0,
2025-10-28,21183.75,17209.47,265.92,11222.82,1608.38,1.0,RL:12
2025-10-29,21141.99,17209.47,0.0,11222.82,1608.38,0.0,RL:12
2025-10-30,21054.45,21054.45,-168.37,11054.45,1611.19,0.0,
2025-10-31,21054.45,21054.45,0.0,11054.45,1611.19,0.0,
2025-11-03,21054.45,21054.45,0.0,11054.45,1611.19,0.0,
2025-11-04,21054.45,21054.45,0.0,11054.45,1611.19,0.0,
2025-11-05,21054.45,21054.45,0.0,11054.45,1611.19,0.0,
2025-11-06,21120.79,16271.07,96.86,11151.32,1618.49,0.33,"AVGO:3,CRM:5,NVDA:7,PANW:6"
2025-11-07,21126.12,16029.99,-124.56,11026.76,1625.62,0.33,"AMD:5,CRM:5,MRVL:16,PANW:6"
2025-11-10,21259.63,18752.45,187.71,11214.47,1627.61,0.33,"CRM:5,PANW:6"
2025-11-11,21274.85,20052.25,41.45,11255.92,1628.56,0.33,CRM:5
2025-11-12,21292.03,18521.43,29.69,11285.61,1631.39,0.33,"NET:6,STX:5"
2025-11-13,21079.38,14753.34,-140.79,11144.82,1641.61,0.33,"CRDO:9,CRWD:10,DDOG:7,MU:5,PANW:6"
2025-11-14,21198.21,16019.6,86.14,11230.97,1657.46,0.33,"AMZN:5,INTC:39,LRCX:9,ROST:8"
2025-11-17,21128.56,14804.64,0.0,11230.97,1658.31,0.33,"AMD:5,AMZN:5,INTC:39,LRCX:9,ROST:8"
2025-11-18,21078.71,14502.57,-164.82,11066.15,1669.41,0.33,"AAPL:5,NVDA:7,RL:4,ROST:8,WDC:9"
2025-11-19,21259.56,15923.05,154.81,11220.96,1676.4,1.0,"AAPL:5,RL:4,ROST:8,WDC:9"
2025-11-20,20563.15,12512.47,-551.1,10669.86,1709.18,1.0,"AMD:19,CRWD:33"
2025-11-21,19804.57,19804.57,-865.29,9804.57,1731.64,1.0,
2025-11-24,19804.57,19804.57,0.0,9804.57,1731.64,1.0,
2025-11-25,19804.57,19804.57,0.0,9804.57,1731.64,1.0,
2025-11-26,19804.57,19804.57,0.0,9804.57,1731.64,1.0,
2025-11-28,20003.26,20003.26,198.69,10003.26,1737.28,1.0,
2025-12-01,19969.45,12095.16,0.0,10003.26,1742.81,1.0,"SHOP:26,SNDK:19"
2025-12-02,20261.54,18049.85,289.38,10292.64,1753.9,0.33,"AVGO:3,RL:3"
2025-12-03,20387.53,15632.49,132.38,10425.02,1762.83,0.33,"AVGO:3,RL:3,WDC:8,STX:5"
2025-12-04,20412.23,14461.94,-40.06,10384.96,1766.99,0.33,"AMZN:5,AVGO:3,MU:5,ROST:7,WDC:8"
2025-12-05,20537.11,15741.86,119.13,10504.09,1769.68,0.33,"AMZN:5,AVGO:3,CRDO:7,ROST:7"
2025-12-08,20669.14,14452.57,88.51,10592.59,1774.11,0.33,"AMZN:5,CRDO:7,CROX:15,MRVL:14,ROST:7"
2025-12-09,20639.45,14482.4,45.09,10637.68,1775.86,0.33,"AMZN:5,BKNG:6,CROX:15,MRVL:14,ROST:7"
2025-12-10,20796.91,16932.56,123.74,10761.42,1781.32,0.33,"CRDO:8,CROX:15,MRVL:14"
2025-12-11,20798.29,15772.03,-57.37,10704.05,1787.53,0.33,"AAPL:4,AVGO:3,INTC:34,LRCX:8"
2025-12-12,20546.78,15706.9,-87.57,10616.48,1792.93,0.33,"AAPL:4,LRCX:8,MU:5,SNDK:6"
2025-12-15,20508.7,16825.02,-106.33,10510.15,1795.57,0.33,"AAPL:4,CRM:5,LRCX:8"
2025-12-16,20514.71,14795.1,36.57,10546.72,1798.84,0.33,"AAPL:4,CRM:5,GS:1,LRCX:8,MU:5"
2025-12-17,20394.47,15790.74,-124.11,10422.61,1803.09,0.33,"CRM:5,GS:1,WDC:8,STX:4"
2025-12-18,20594.91,14347.03,120.99,10543.59,1807.8,1.0,"AAPL:15,CRM:5,GS:1"
2025-12-19,20642.59,15644.63,19.52,10563.12,1808.75,1.0,"AAPL:15,GS:1"
2025-12-22,20604.65,16542.35,10.63,10573.75,1809.41,1.0,AAPL:15
2025-12-23,20711.89,12669.09,0.0,10573.75,1812.11,1.0,"AAPL:15,STX:14"
2025-12-24,20756.76,16626.36,84.0,10657.75,1815.01,1.0,AAPL:15
2025-12-26,20716.27,20716.27,58.52,10716.27,1817.99,0.55,
2025-12-29,20709.1,18527.05,0.0,10716.27,1819.52,0.55,SHOP:13
2025-12-30,20677.19,14195.9,57.96,10774.23,1825.7,0.55,"SHOP:13,WDC:12,STX:8"
2025-12-31,20536.67,11907.03,-92.44,10681.79,1830.3,0.55,"LRCX:13,WDC:12,STX:8,SNDK:9"
2026-01-02,21158.76,16576.02,447.47,11129.26,1837.0,0.55,"CRM:9,STX:8"
2026-01-05,21257.49,16693.83,109.58,11238.84,1840.3,0.55,"CRM:9,NVDA:12"
2026-01-06,21296.83,19049.83,60.27,11299.11,1842.02,1.0,NVDA:12
2026-01-07,21323.27,14819.39,0.0,11299.11,1844.98,1.0,"MRVL:50,NVDA:12"
2026-01-08,21247.23,10978.71,0.0,11299.11,1847.66,1.0,"META:6,MRVL:50,NVDA:12"
2026-01-09,21307.96,4959.52,-34.12,11264.99,1855.04,1.0,"CRM:16,META:6,MRVL:50,SHOP:25"
2026-01-12,21304.15,4959.52,0.0,11264.99,1855.04,0.53,"CRM:16,META:6,MRVL:50,SHOP:25"
2026-01-13,21096.08,17310.2,-114.12,11150.87,1864.07,0.53,META:6
2026-01-14,20990.69,12513.43,-155.25,10995.62,1872.69,0.53,"CDNS:7,LRCX:10,MU:6,NVDA:12"
2026-01-15,21365.06,21365.06,369.44,11365.06,1879.16,0.53,
2026-01-16,21362.9,17129.36,0.0,11365.06,1882.12,0.53,"GOOGL:6,INTC:48"
2026-01-20,21391.67,16608.13,113.9,11478.95,1885.87,0.68,"GOOGL:6,NVDA:16"
2026-01-21,21511.71,16608.13,0.0,11478.95,1885.87,1.0,"GOOGL:6,NVDA:16"
2026-01-22,21534.5,21534.5,55.55,11534.5,1889.47,1.0,
2026-01-23,21451.58,21451.58,-82.92,11451.58,1901.42,1.0,
2026-01-26,21716.34,17382.36,277.29,11728.87,1910.55,1.0,INTC:102
2026-01-27,21947.08,13223.96,123.13,11852.01,1919.85,1.0,"AMD:17,INTC:101"
2026-01-28,22218.86,22218.86,366.85,12218.86,1926.42,1.0,
2026-01-29,22444.55,4873.09,-185.49,12033.37,1944.62,1.0,"AMD:18,CDNS:14,FTNT:54,GOOGL:13"
2026-01-30,22045.44,13560.83,19.28,12052.65,1957.08,1.0,"CDNS:14,FTNT:54"
2026-02-02,21998.73,13560.83,0.0,12052.65,1957.08,1.0,"CDNS:14,FTNT:54"
2026-02-03,21970.96,5101.63,60.97,12113.62,1981.08,1.0,"AMD:17,FTNT:54,LRCX:18,NVDA:24"
2026-02-04,21302.22,21302.22,-811.4,11302.22,1992.92,1.0,
2026-02-05,22126.65,17851.85,757.65,12059.86,2025.41,1.0,LRCX:20
2026-02-06,22509.0,18541.35,385.98,12445.85,2031.5,1.0,META:6
2026-02-09,22884.43,13934.73,341.91,12787.76,2047.15,1.0,"AAPL:16,VZ:97"
2026-02-10,23103.47,9737.69,413.87,13201.63,2075.97,1.0,"AAPL:16,GOOGL:14,INTC:96"
2026-02-11,23242.72,9801.89,97.05,13298.68,2082.64,1.0,"AAPL:16,GOOGL:14,META:7"
2026-02-12,22764.52,9180.1,-377.63,12921.05,2095.21,1.0,"FTNT:54,META:7,NVDA:24"
2026-02-13,22803.64,13795.48,-16.1,12904.95,2105.0,1.0,"FTNT:54,NVDA:24"
2026-02-17,22755.27,18180.98,-186.31,12718.64,2127.21,1.0,INTC:99
2026-02-18,23078.46,13979.16,351.89,13070.53,2142.7,1.0,"FTNT:57,INTC:99"
2026-02-19,23272.14,9606.83,-30.67,13039.85,2158.54,1.0,"FTNT:57,LRCX:19,STX:11"
2026-02-20,23367.85,18602.89,229.91,13269.77,2178.35,1.0,INTC:108
2026-02-23,23353.53,23353.53,83.76,13353.53,2181.82,0.0,
2026-02-24,23683.05,19085.59,286.28,13639.81,2198.02,1.0,MU:11
2026-02-25,23860.01,23860.01,220.2,13860.01,2201.51,0.0,
2026-02-26,23860.01,23860.01,0.0,13860.01,2201.51,0.0,
2026-02-27,23860.01,23860.01,0.0,13860.01,2201.51,0.0,
2026-03-02,23860.01,23860.01,0.0,13860.01,2201.51,0.0,
2026-03-03,23860.01,23860.01,0.0,13860.01,2201.51,0.0,
2026-03-04,23860.01,23860.01,0.0,13860.01,2201.51,0.0,
2026-03-05,23860.01,23860.01,0.0,13860.01,2201.51,0.0,
2026-03-06,23860.01,23860.01,0.0,13860.01,2201.51,0.0,
2026-03-09,23860.01,23860.01,0.0,13860.01,2201.51,0.0,
2026-03-10,23860.01,23860.01,0.0,13860.01,2201.51,0.0,
2026-03-11,23860.01,23860.01,0.0,13860.01,2201.51,0.0,
2026-03-12,23860.01,23860.01,0.0,13860.01,2201.51,0.0,
2026-03-13,23860.01,23860.01,0.0,13860.01,2201.51,0.0,
2026-03-16,23860.01,23860.01,0.0,13860.01,2201.51,0.0,
2026-03-17,23860.01,23860.01,0.0,13860.01,2201.51,0.0,
2026-03-18,23860.01,23860.01,0.0,13860.01,2201.51,0.0,
2026-03-19,23860.01,23860.01,0.0,13860.01,2201.51,0.0,
2026-03-20,23860.01,23860.01,0.0,13860.01,2201.51,0.0,
2026-03-23,23860.01,23860.01,0.0,13860.01,2201.51,0.0,
2026-03-24,23860.01,23860.01,0.0,13860.01,2201.51,0.0,
2026-03-25,23860.01,23860.01,0.0,13860.01,2201.51,0.0,
2026-03-26,23860.01,23860.01,0.0,13860.01,2201.51,0.0,
2026-03-27,23860.01,23860.01,0.0,13860.01,2201.51,0.0,
2026-03-30,23860.01,23860.01,0.0,13860.01,2201.51,0.0,
2026-03-31,23860.01,23860.01,0.0,13860.01,2201.51,0.0,
2026-04-01,23860.01,23860.01,0.0,13860.01,2201.51,0.0,
2026-04-02,23860.01,23860.01,0.0,13860.01,2201.51,0.0,
2026-04-06,23860.01,23860.01,0.0,13860.01,2201.51,0.0,
2026-04-07,23860.01,23860.01,0.0,13860.01,2201.51,0.0,
2026-04-08,23860.01,23860.01,0.0,13860.01,2201.51,0.0,
2026-04-09,23596.82,18019.84,-118.69,13741.32,2209.38,0.6,"FTNT:35,MDB:12"
2026-04-10,23562.09,20758.77,-240.51,13500.81,2215.3,0.6,PANW:18
2026-04-13,23602.84,18879.48,96.31,13597.12,2220.67,1.0,SLB:91
2026-04-14,23564.71,14202.7,0.0,13597.12,2223.95,1.0,"SLB:91,EOG:35"
2026-04-15,23749.99,9572.16,0.0,13597.12,2227.19,1.0,"LRCX:18,SLB:91,EOG:35"
2026-04-16,23830.52,14430.64,227.94,13825.06,2237.39,1.0,"SLB:91,EOG:35"
2026-04-17,23886.85,19066.15,-148.76,13676.3,2247.37,1.0,CRDO:30
2026-04-20,24062.47,19578.67,393.93,14070.24,2260.96,1.0,MU:10
2026-04-21,24041.08,14895.75,0.0,14070.24,2264.24,1.0,"LRCX:18,MU:10"
2026-04-22,24430.69,19649.35,262.03,14332.27,2274.16,1.0,LRCX:18
2026-04-23,24682.88,802.17,205.73,14537.99,2315.08,1.0,"CDNS:15,LRCX:18,MDB:19,ORCL:27,SHOP:39"
2026-04-24,25366.46,546.65,338.86,14876.86,2342.78,1.0,"CRWD:45,DDOG:39,NET:24,ORCL:28,SHOP:39"
2026-04-27,25566.46,785.93,347.76,15224.61,2364.11,1.0,"AAPL:18,CRDO:28,MRVL:33,ORCL:28,SHOP:39"
2026-04-28,24555.64,14922.01,-672.38,14552.23,2374.44,1.0,"AAPL:18,SHOP:39"
2026-04-29,24764.56,5365.0,-114.76,14437.47,2387.87,1.0,"AAPL:18,CDNS:15,MSFT:11,ORCL:30"
2026-04-30,24589.27,5280.47,165.34,14602.81,2415.23,1.0,"CRWD:43,FTNT:58,NVDA:24,ORCL:30"
2026-05-01,24989.3,15328.4,383.38,14986.19,2422.57,1.0,"CRWD:43,NVDA:24"
2026-05-04,25129.28,20363.84,192.02,15178.2,2426.25,1.0,NVDA:24
2026-05-05,24881.3,15180.85,-213.16,14965.05,2436.64,1.0,"NVDA:24,SLB:89"
2026-05-06,25170.03,463.13,125.34,15090.38,2454.0,1.0,"CRM:27,MSFT:12,PANW:27,SLB:89,EOG:37"
2026-05-07,25409.37,15498.91,347.83,15438.22,2479.2,1.0,"AVGO:12,MRVL:31"
2026-05-08,25700.13,20640.43,245.72,15683.94,2504.48,1.0,SLB:95
2026-05-11,25913.1,15741.64,0.0,15683.94,2507.91,1.0,"MSFT:12,SLB:95"
2026-05-12,26139.79,761.07,203.23,15887.16,2525.89,1.0,"AVGO:12,CDNS:14,LRCX:18,MSFT:12,ORCL:28"
2026-05-13,26137.64,11309.42,265.68,16152.84,2533.6,1.0,"AVGO:12,CDNS:14,MSFT:12"
2026-05-14,26641.92,16787.89,544.18,16697.02,2552.4,1.0,"CDNS:14,MSFT:12"
2026-05-15,26654.99,14495.6,260.06,16957.08,2572.28,0.5,"AMD:6,CDNS:14,CRDO:15,MU:3"
2026-05-18,26550.64,26550.64,-406.44,16550.64,2581.09,0.5,
2026-05-19,26550.64,26550.64,0.0,16550.64,2581.09,0.5,
2026-05-20,27010.06,16693.84,122.45,16673.09,2595.61,1.0,"CDNS:15,MSFT:12"
2026-05-21,26987.6,593.76,222.36,16895.45,2614.35,1.0,"MDB:17,MSFT:12,NOW:54,NVDA:24,EOG:38"
2026-05-22,27312.71,11757.2,471.63,17367.08,2622.51,0.0,"MSFT:12,NVDA:24,EOG:38"
2026-05-26,27126.38,11571.27,116.58,17483.65,2637.59,1.0,"MDB:17,NVDA:24,EOG:38"
2026-05-27,27234.92,16403.83,-312.38,17171.27,2671.71,1.0,"MSFT:13,PANW:22"
2026-05-28,27750.66,16764.34,244.71,17415.98,2683.35,0.49,"CDNS:7,PANW:22,SLB:49"
2026-05-29,27626.94,19692.2,247.2,17663.18,2689.36,0.49,"CDNS:7,INTC:23,SLB:49"
2026-06-01,28084.45,25401.21,418.86,18082.03,2704.23,0.49,SLB:49
2026-06-02,28398.24,25791.19,232.83,18314.86,2715.96,0.49,AMD:5
2026-06-03,28506.15,25794.87,201.37,18516.23,2723.68,0.49,SHOP:24
2026-06-04,28858.98,23288.56,239.06,18755.29,2747.73,0.49,"PANW:10,STX:3"
2026-06-05,28331.37,15057.14,-216.01,18539.28,2784.73,0.49,"AVGO:7,DDOG:11,MRVL:10,NOW:24,NVDA:13"
2026-06-08,28765.1,16459.05,177.22,18716.5,2791.56,0.38,"AVGO:7,LRCX:6,NOW:24,NVDA:13,PANW:8"
2026-06-09,28907.7,524.31,39.36,18755.86,2828.07,1.0,"CRWD:35,DDOG:25,MDB:17,MSFT:14,EOG:41"
2026-06-10,29192.24,6426.88,749.6,19505.46,2849.11,1.0,"AAPL:20,CRWD:35,MSFT:14,NET:26"
2026-06-11,29540.06,6218.7,-255.11,19250.35,2873.58,1.0,"AAPL:20,CDNS:15,NOW:56,ORCL:32"
2026-06-12,29428.47,6218.7,0.0,19250.35,2873.58,0.6,"AAPL:20,CDNS:15,NOW:56,ORCL:32"
2026-06-15,30073.55,17038.71,756.52,20006.87,2891.73,0.6,"AAPL:20,KO:44,SLB:66"
2026-06-16,30056.46,23019.54,171.9,20178.77,2896.1,0.0,"KO:44,SLB:66"
2026-06-17,29986.03,26468.23,-152.52,20026.24,2898.61,0.0,KO:44
2026-06-18,30365.19,20843.15,431.41,20457.65,2953.26,1.0,"KO:44,MNST:132"
2026-06-22,30681.89,13819.57,-62.56,20395.09,2963.17,0.6,"CDNS:9,MDB:11,MNST:132,NET:17"
2026-06-23,31002.21,20248.01,660.09,21055.19,2987.35,0.6,"CDNS:9,LRCX:10,MRVL:13"
2026-06-24,30865.43,14684.25,-211.9,20843.28,3005.75,0.6,"AAPL:12,AMD:7,CDNS:9,LRCX:10,SNDK:1"
2026-06-25,31499.96,31499.96,656.68,21499.96,3018.03,0.0,
2026-06-26,31499.96,31499.96,0.0,21499.96,3018.03,0.0,
2026-06-29,31499.96,31499.96,0.0,21499.96,3018.03,0.0,
2026-06-30,31499.96,31499.96,0.0,21499.96,3018.03,0.0,
2026-07-01,31499.96,31499.96,0.0,21499.96,3018.03,0.0,
2026-07-02,31499.96,31499.96,0.0,21499.96,3018.03,0.0,
2026-07-06,31499.96,31499.96,0.0,21499.96,3018.03,0.0,
2026-07-07,31499.96,31499.96,0.0,21499.96,3018.03,0.0,
2026-07-08,31499.96,31499.96,0.0,21499.96,3018.03,0.0,
2026-07-09,31499.96,31499.96,0.0,21499.96,3018.03,0.0,
2026-07-10,31499.96,31499.96,0.0,21499.96,3018.03,0.0,
2026-07-13,31499.96,31499.96,0.0,21499.96,3018.03,0.0,
2026-07-14,31499.96,31499.96,0.0,21499.96,3018.03,0.0,
2026-07-15,31499.96,31499.96,0.0,21499.96,3018.03,0.0,
2026-07-16,31499.96,31499.96,0.0,21499.96,3018.03,0.0,
2026-07-17,31499.96,31499.96,0.0,21499.96,3018.03,0.0,
2026-07-20,31499.96,31499.96,0.0,21499.96,3018.03,0.0,
2026-07-21,31499.96,31499.96,0.0,21499.96,3018.03,0.0,
2026-07-22,31499.96,31499.96,0.0,21499.96,3018.03,0.0,
2026-07-23,31499.96,31499.96,0.0,21499.96,3018.03,0.0,
2026-07-24,31499.96,31499.96,0.0,21499.96,3018.03,0.0,
2026-07-27,31499.96,31499.96,0.0,21499.96,3018.03,0.0,
2026-07-28,31499.96,31499.96,0.0,21499.96,3018.03,0.0,
2026-07-29,31499.96,31499.96,0.0,21499.96,3018.03,0.0,
2026-07-30,31499.96,31499.96,0.0,21499.96,3018.03,0.0,
2026-07-31,31499.96,31499.96,0.0,21499.96,3018.03,0.0,
2026-08-03,31499.96,31499.96,0.0,21499.96,3018.03,0.0,
2026-08-04,31499.96,31499.96,0.0,21499.96,3018.03,0.0,
2026-08-05,31499.96,31499.96,0.0,21499.96,3018.03,0.0,
2026-08-06,31499.96,31499.96,0.0,21499.96,3018.03,0.0,
2026-08-07,31499.96,31499.96,0.0,21499.96,3018.03,0.0,
2026-08-10,31499.96,31499.96,0.0,21499.96,3018.03,0.0,
2026-08-11,31499.96,31499.96,0.0,21499.96,3018.03,0.0,
2026-08-12,31499.96,31499.96,0.0,21499.96,3018.03,0.0,
2026-08-13,31499.96,31499.96,0.0,21499.96,3018.03,0.0,
2026-08-14,31499.96,31499.96,0.0,21499.96,3018.03,0.0,
2026-08-17,31499.96,31499.96,0.0,21499.96,3018.03,0.0,
2026-08-18,31499.96,31499.96,0.0,21499.96,3018.03,0.0,
2026-08-19,31499.96,31499.96,0.0,21499.96,3018.03,0.0,
2026-08-20,31499.96,31499.96,0.0,21499.96,3018.03,0.0,
2026-08-21,31499.96,31499.96,0.0,21499.96,3018.03,0.0,
2026-08-24,31499.96,31499.96,0.0,21499.96,3018.03,0.0,
2026-08-25,31499.96,31499.96,0.0,21499.96,3018.03,0.0,
2026-08-26,32359.8,19553.57,524.47,22024.43,3053.68,1.0,"CRM:31,NOW:51"
2026-08-27,34302.28,34302.28,2277.85,24302.28,3064.46,1.0,
2026-08-28,34010.14,34010.14,-292.14,24010.14,3074.0,1.0,
2026-08-31,34080.64,27302.08,0.0,24010.14,3078.69,1.0,SHOP:46
2026-09-01,33418.35,7166.67,-283.79,23726.35,3101.96,1.0,"MDB:15,MSFT:13,NET:23,ORCL:47"
2026-09-02,32612.56,19302.84,-1195.18,22531.18,3110.83,1.0,"MSFT:13,ORCL:47"
2026-09-03,33401.79,33401.79,870.61,23401.79,3139.58,1.0,
2026-09-04,33401.79,33401.79,0.0,23401.79,3139.58,0.0,
2026-09-08,33401.79,33401.79,0.0,23401.79,3139.58,0.0,
2026-09-09,33401.79,33401.79,0.0,23401.79,3139.58,0.0,
2026-09-10,33401.79,33401.79,0.0,23401.79,3139.58,0.0,
2026-09-11,33401.79,33401.79,0.0,23401.79,3139.58,0.0,
2026-09-14,33401.79,33401.79,0.0,23401.79,3139.58,1.0,
2026-09-15,33368.38,14013.38,0.0,23401.79,3153.15,1.0,"ORCL:46,SLB:125,SNDK:4"
2026-09-16,33219.77,14013.38,0.0,23401.79,3153.15,1.0,"ORCL:46,SLB:125,SNDK:4"
2026-09-17,33901.76,27391.14,670.8,24072.58,3162.92,1.0,SLB:125
2026-09-18,33826.19,645.48,-280.67,23791.92,3190.78,1.0,"CRM:28,CRWD:28,KO:76,NOW:49,PANW:18"
2026-09-21,34288.59,7311.41,215.31,24007.22,3195.65,1.0,"CRM:28,CRWD:28,KO:76,NOW:49"
2026-09-22,34413.03,21146.83,535.01,24542.24,3205.76,1.0,"CRM:28,KO:76"
2026-09-23,34448.41,14311.41,0.0,24542.24,3210.54,1.0,"CRM:28,KO:76,ORCL:47"
2026-09-24,34108.8,34108.8,-433.44,24108.8,3225.0,0.0,
2026-09-25,34108.8,34108.8,0.0,24108.8,3225.0,0.0,
2026-09-28,34108.8,34108.8,0.0,24108.8,3225.0,0.0,
2026-09-29,34108.8,34108.8,0.0,24108.8,3225.0,0.0,
2026-09-30,34108.8,34108.8,0.0,24108.8,3225.0,0.0,
2026-10-01,34108.8,34108.8,0.0,24108.8,3225.0,0.0,
2026-10-02,34108.8,34108.8,0.0,24108.8,3225.0,0.0,
