시각(ET),종목,구분,수량,가격($),손익($),수익률(%),가상현금($),사유
2023-11-20 09:30:00,CRDO,매수,137,17.7089,,,7572.19,K몫 매수: 주식층 비중 27.1%
2023-11-20 09:30:00,INTC,매수,55,43.8019,,,5161.4,K몫 매수: 주식층 비중 27.1%
2023-11-21 09:30:00,CRWD,매수,31,51.961,,,3549.48,K몫 매수: 주식층 비중 17.9%
2023-11-21 09:30:00,DASH,매수,17,94.2971,,,1945.31,K몫 매수: 주식층 비중 17.9%
2023-11-21 09:30:00,MDB,매수,4,402.7413,,,333.22,K몫 매수: 주식층 비중 17.9%
2023-11-24 09:30:00,NVDA,매수,6,48.4942,,,42.05,K몫 매수: 주식층 비중 27.1%
2023-11-27 09:30:00,SHIP,매수,6,6.6033,,,2.4,K몫 매수: 주식층 비중 27.1%
2023-11-27 15:59:59,CRWD,매도,31,52.4775,13.7,0.85,1628.01,실적 발표 전 청산
2023-11-28 09:30:00,DASH,매도,17,93.923,-8.65,-0.539,3223.54,K몫 제외(주식층 비중 0)
2023-11-28 15:59:59,CRDO,매도,137,18.5207,107.68,4.438,5759.03,실적 발표 전 청산
2023-11-29 09:30:00,DASH,매수,9,95.0475,,,4903.0,K몫 매수: 주식층 비중 10.0%
2023-11-29 09:30:00,LLY,매수,1,592.4961,,,4310.09,K몫 매수: 주식층 비중 10.0%
2023-11-29 09:30:00,NVDA,매도,6,48.3548,-1.25,-0.43,4600.01,K몫 제외(주식층 비중 0)
2023-11-30 09:30:00,CRWD,매수,19,57.8264,,,3500.54,K몫 매수: 주식층 비중 12.5%
2023-12-01 09:30:00,INTC,매도,55,44.3378,26.01,1.08,5937.34,K몫 제외(주식층 비중 0)
2023-12-04 09:30:00,INTC,매수,60,43.3216,,,3336.22,K몫 매수: 주식층 비중 28.3%
2023-12-04 09:30:00,LLY,매도,1,583.0533,-10.28,-1.736,3918.85,K몫 제외(주식층 비중 0)
2023-12-04 09:30:00,PANW,매수,17,146.3757,,,1428.72,K몫 매수: 주식층 비중 28.3%
2023-12-04 15:59:59,MDB,매도,4,422.7985,77.87,4.834,3118.68,실적 발표 전 청산
2023-12-05 09:30:00,DASH,매도,9,97.931,24.71,2.889,3999.41,K몫 제외(주식층 비중 0)
2023-12-07 09:30:00,DASH,매수,16,96.7083,,,2451.0,K몫 매수: 주식층 비중 17.6%
2023-12-08 09:30:00,PANW,매도,17,145.2473,-22.73,-0.913,4918.4,K몫 제외(주식층 비중 0)
2023-12-11 09:30:00,INTC,매도,60,43.1884,-11.71,-0.45,7507.81,K몫 제외(주식층 비중 0)
2023-12-14 09:30:00,DAVE,매수,336,7.5438,,,4971.33,K몫 매수: 주식층 비중 27.1%
2023-12-15 09:30:00,AMD,매수,1,140.07,,,4831.16,K몫 매수: 주식층 비중 2.1%
2023-12-15 09:30:00,AVGO,매수,1,110.8554,,,4720.23,K몫 매수: 주식층 비중 2.3%
2023-12-15 09:30:00,CRDO,매수,12,19.3096,,,4488.35,K몫 매수: 주식층 비중 2.6%
2023-12-15 09:30:00,CRM,매수,1,256.6282,,,4231.54,K몫 매수: 주식층 비중 2.8%
2023-12-15 09:30:00,DDOG,매수,2,121.6508,,,3988.07,K몫 매수: 주식층 비중 3.1%
2023-12-15 09:30:00,GOOGL,매수,1,132.016,,,3855.96,K몫 매수: 주식층 비중 2.3%
2023-12-15 09:30:00,INTC,매수,6,46.123,,,3579.03,K몫 매수: 주식층 비중 3.4%
2023-12-15 09:30:00,LRCX,매수,4,77.5387,,,3268.66,K몫 매수: 주식층 비중 3.6%
2023-12-15 09:30:00,MRVL,매수,5,59.6798,,,2970.05,K몫 매수: 주식층 비중 3.7%
2023-12-15 09:30:00,MSFT,매수,1,368.0439,,,2601.75,K몫 매수: 주식층 비중 4.0%
2023-12-15 09:30:00,MU,매수,4,82.8914,,,2269.95,K몫 매수: 주식층 비중 4.1%
2023-12-15 09:30:00,NET,매수,4,84.8424,,,1930.34,K몫 매수: 주식층 비중 4.2%
2023-12-15 09:30:00,NOW,매수,3,135.1195,,,1524.7,K몫 매수: 주식층 비중 4.4%
2023-12-15 09:30:00,NVDA,매수,8,48.4242,,,1137.04,K몫 매수: 주식층 비중 4.5%
2023-12-15 09:30:00,PANW,매수,2,150.5903,,,835.65,K몫 매수: 주식층 비중 4.5%
2023-12-15 09:30:00,SHOP,매수,5,77.7489,,,446.63,K몫 매수: 주식층 비중 4.5%
2023-12-15 09:30:00,STX,매수,5,85.983,,,16.41,K몫 매수: 주식층 비중 4.6%
2023-12-19 15:59:59,MU,매도,4,82.1489,-3.44,-1.038,344.77,실적 발표 전 청산
2023-12-20 09:30:00,AAPL,매수,1,197.0285,,,147.6,K몫 매수: 주식층 비중 2.1%
2023-12-20 09:30:00,VZ,매수,3,37.5187,,,34.97,K몫 매수: 주식층 비중 3.8%
2024-01-11 09:30:00,AAPL,매도,1,186.4467,-10.86,-5.51,221.28,K몫 제외(주식층 비중 0)
2024-01-11 09:30:00,WDC,매수,5,38.1672,,,30.31,K몫 매수: 주식층 비중 2.3%
2024-01-22 15:59:59,VZ,매도,3,39.5652,5.97,5.308,148.92,실적 발표 전 청산
2024-01-23 09:30:00,ORCL,매수,1,110.3451,,,38.5,K몫 매수: 주식층 비중 2.1%
2024-01-23 15:59:59,NOW,매도,3,150.5367,45.64,11.259,489.78,실적 발표 전 청산
2024-01-23 15:59:59,STX,매도,5,89.1654,15.29,3.556,935.28,실적 발표 전 청산
2024-01-23 15:59:59,LRCX,매도,4,82.9955,21.37,6.889,1267.02,실적 발표 전 청산
2024-01-24 09:30:00,META,매수,1,390.195,,,876.55,K몫 매수: 주식층 비중 3.6%
2024-01-24 15:59:59,WDC,매도,5,43.8481,28.11,14.73,1095.63,실적 발표 전 청산
2024-01-24 15:59:59,INTC,매도,6,49.0656,17.25,6.232,1389.81,실적 발표 전 청산
2024-01-25 09:30:00,AMGN,매수,1,308.8744,,,1080.72,K몫 매수: 주식층 비중 3.9%
2024-01-25 09:30:00,MNST,매수,10,27.7139,,,803.38,K몫 매수: 주식층 비중 2.2%
2024-01-26 09:30:00,AMD,매도,1,175.2023,34.91,24.921,978.46,K몫 제외(주식층 비중 0)
2024-01-26 09:30:00,AVGO,매도,1,121.909,10.89,9.821,1100.28,K몫 제외(주식층 비중 0)
2024-01-26 09:30:00,CRDO,매도,12,21.2893,23.41,10.102,1355.56,K몫 제외(주식층 비중 0)
2024-01-26 09:30:00,MRVL,매도,5,68.6656,44.47,14.903,1698.64,K몫 제외(주식층 비중 0)
2024-01-26 09:30:00,NVDA,매도,8,60.9295,99.42,25.663,2185.72,K몫 제외(주식층 비중 0)
2024-01-26 09:30:00,STX,매수,3,90.115,,,1915.19,K몫 매수: 주식층 비중 2.3%
2024-01-26 09:30:00,WDC,매수,6,44.512,,,1647.93,K몫 매수: 주식층 비중 2.3%
2024-01-29 15:59:59,GOOGL,매도,1,153.4882,21.27,16.11,1801.31,실적 발표 전 청산
2024-01-29 15:59:59,MSFT,매도,1,409.5151,40.91,11.117,2210.52,실적 발표 전 청산
2024-01-31 09:30:00,CRM,매도,1,283.908,26.89,10.479,2494.22,K몫 제외(주식층 비중 0)
2024-01-31 09:30:00,SHOP,매도,5,81.2594,16.98,4.369,2900.22,K몫 제외(주식층 비중 0)
2024-01-31 15:59:59,META,매도,1,389.825,-0.93,-0.238,3289.76,실적 발표 전 청산
2024-02-01 09:30:00,CRDO,매수,53,20.6203,,,2196.12,K몫 매수: 주식층 비중 8.5%
2024-02-01 09:30:00,NVDA,매수,17,62.131,,,1139.15,K몫 매수: 주식층 비중 8.2%
2024-02-01 09:30:00,SHOP,매수,3,78.9094,,,902.26,K몫 매수: 주식층 비중 2.2%
2024-02-05 15:59:59,AMGN,매도,1,321.879,12.55,4.064,1223.9,실적 발표 전 청산
2024-02-06 09:30:00,AVGO,매수,9,126.4202,,,85.33,K몫 매수: 주식층 비중 9.6%
2024-02-07 15:59:59,NET,매도,4,83.3083,-6.62,-1.95,418.32,실적 발표 전 청산
2024-02-08 09:30:00,NOW,매수,1,158.4792,,,259.73,K몫 매수: 주식층 비중 2.0%
2024-02-12 09:30:00,DDOG,매도,2,135.0624,26.46,10.874,529.65,K몫 제외(주식층 비중 0)
2024-02-12 09:30:00,MNST,매도,10,27.7711,0.18,0.063,807.16,K몫 제외(주식층 비중 0)
2024-02-12 09:30:00,ORCL,매도,1,116.2019,5.69,5.161,923.28,K몫 제외(주식층 비중 0)
2024-02-12 09:30:00,STX,매도,3,89.2853,-2.87,-1.063,1190.94,K몫 제외(주식층 비중 0)
2024-02-12 09:30:00,WDC,매도,6,42.7375,-11.02,-4.127,1447.18,K몫 제외(주식층 비중 0)
2024-02-12 15:59:59,SHOP,매도,3,89.0654,30.11,12.718,1714.18,실적 발표 전 청산
2024-02-14 09:30:00,NET,매수,3,101.9209,,,1408.2,K몫 매수: 주식층 비중 2.3%
2024-02-14 09:30:00,ORCL,매수,2,114.3772,,,1179.29,K몫 매수: 주식층 비중 2.2%
2024-02-14 09:30:00,STX,매수,3,88.144,,,914.67,K몫 매수: 주식층 비중 2.3%
2024-02-14 09:30:00,WDC,매수,7,42.2963,,,618.39,K몫 매수: 주식층 비중 2.3%
2024-02-14 15:59:59,DASH,매도,16,119.89,368.42,23.81,2535.23,실적 발표 전 청산
2024-02-20 09:30:00,META,매수,3,471.0254,,,1121.16,K몫 매수: 주식층 비중 9.9%
2024-02-20 09:30:00,MU,매수,4,79.7899,,,801.78,K몫 매수: 주식층 비중 2.3%
2024-02-20 15:59:59,PANW,매도,2,182.9885,64.32,21.355,1167.49,실적 발표 전 청산
2024-02-20 15:59:59,NVDA,매도,17,69.4223,122.35,11.584,2346.81,실적 발표 전 청산
2024-02-21 09:30:00,LLY,매수,1,738.4491,,,1607.84,K몫 매수: 주식층 비중 5.1%
2024-02-22 09:30:00,RL,매수,5,185.7428,,,678.48,K몫 매수: 주식층 비중 6.1%
2024-02-23 09:30:00,MRVL,매수,4,69.8849,,,398.74,K몫 매수: 주식층 비중 2.3%
2024-02-23 09:30:00,NVDA,매수,4,80.8304,,,75.19,K몫 매수: 주식층 비중 11.3%
2024-02-26 15:59:59,CRDO,매도,53,22.2789,86.28,7.894,1255.11,실적 발표 전 청산
2024-02-29 09:30:00,INTC,매수,8,42.3962,,,915.7,K몫 매수: 주식층 비중 2.3%
2024-03-04 15:59:59,CRWD,매도,19,78.3858,388.77,35.385,2403.95,실적 발표 전 청산
2024-03-05 09:30:00,AMD,매수,7,200.3501,,,1000.51,K몫 매수: 주식층 비중 9.9%
2024-03-05 10:14:12,MDB,매수,1,409.5781,,,590.65,K몫 매수: 주식층 비중 2.2%
2024-03-06 09:30:00,CRDO,매수,20,21.2256,,,165.84,K몫 매수: 주식층 비중 2.2%
2024-03-06 09:30:00,RL,매도,5,180.9795,-25.13,-2.706,1070.08,K몫 제외(주식층 비중 0)
2024-03-06 15:59:59,MDB,매도,1,409.705,-0.46,-0.112,1479.48,실적 발표 전 청산
2024-03-06 15:59:59,MRVL,매도,4,81.3593,45.46,16.264,1804.68,실적 발표 전 청산
2024-03-06 15:59:59,AVGO,매도,9,134.9315,74.92,6.585,3018.18,실적 발표 전 청산
2024-03-07 09:30:00,CDNS,매수,1,316.168,,,2701.79,K몫 매수: 주식층 비중 3.4%
2024-03-07 09:30:00,CRM,매수,2,306.153,,,2089.06,K몫 매수: 주식층 비중 3.5%
2024-03-07 09:30:00,DAVE,매도,336,32.4838,8370.09,330.219,12995.63,K몫 제외(주식층 비중 0)
2024-03-07 09:30:00,LLY,매도,1,771.4491,31.92,4.323,13766.51,K몫 제외(주식층 비중 0)
2024-03-07 09:30:00,META,매도,3,503.0284,93.92,6.646,15274.5,K몫 제외(주식층 비중 0)
2024-03-07 09:30:00,MSFT,매수,1,406.3231,,,14867.89,K몫 매수: 주식층 비중 3.9%
2024-03-07 09:30:00,SHIP,매도,6,8.1959,9.49,23.958,14917.03,K몫 제외(주식층 비중 0)
2024-03-08 15:59:59,ORCL,매도,2,112.3838,-4.31,-1.885,15141.63,실적 발표 전 청산
2024-03-11 09:30:00,AVGO,매수,9,128.8144,,,13981.49,K몫 매수: 주식층 비중 6.5%
2024-03-11 09:30:00,LRCX,매수,13,94.1971,,,12756.07,K몫 매수: 주식층 비중 6.9%
2024-03-11 09:30:00,NET,매도,3,96.7116,-16.05,-5.25,13046.0,K몫 제외(주식층 비중 0)
2024-03-11 09:30:00,STX,매도,3,93.3233,15.15,5.729,13325.76,K몫 제외(주식층 비중 0)
2024-03-11 09:30:00,WDC,매도,7,47.2817,34.45,11.635,13656.49,K몫 제외(주식층 비중 0)
2024-03-12 09:30:00,DASH,매수,7,128.8344,,,12754.02,K몫 매수: 주식층 비중 5.5%
2024-03-12 09:30:00,DAVE,매수,30,33.0165,,,11762.83,K몫 매수: 주식층 비중 5.5%
2024-03-12 09:30:00,SHIP,매수,121,8.2441,,,10764.6,K몫 매수: 주식층 비중 5.5%
2024-03-13 09:30:00,DDOG,매수,3,122.5312,,,10396.74,K몫 매수: 주식층 비중 2.3%
2024-03-13 09:30:00,MDB,매수,1,368.8243,,,10027.66,K몫 매수: 주식층 비중 2.3%
2024-03-13 09:30:00,META,매수,3,495.6377,,,8539.71,K몫 매수: 주식층 비중 8.8%
2024-03-13 09:30:00,NET,매수,4,96.3782,,,8153.93,K몫 매수: 주식층 비중 2.3%
2024-03-13 09:30:00,ORCL,매수,2,128.064,,,7897.62,K몫 매수: 주식층 비중 2.1%
2024-03-13 09:30:00,STX,매수,4,90.6153,,,7534.9,K몫 매수: 주식층 비중 2.2%
2024-03-13 09:30:00,WDC,매수,8,47.3782,,,7155.61,K몫 매수: 주식층 비중 2.3%
2024-03-14 15:59:59,SHIP,매도,121,8.7356,58.0,5.815,8211.85,실적 발표 전 청산
2024-03-18 09:30:00,SHIP,매수,181,8.8744,,,6604.45,K몫 매수: 주식층 비중 8.8%
2024-03-19 15:59:59,MU,매도,4,93.963,56.19,17.607,6980.03,실적 발표 전 청산
2024-03-27 09:30:00,SHOP,매수,4,79.3897,,,6662.25,K몫 매수: 주식층 비중 2.0%
2024-04-02 09:30:00,MU,매수,17,122.6863,,,4575.12,K몫 매수: 주식층 비중 11.8%
2024-04-05 09:30:00,CRWD,매수,27,77.6638,,,2476.73,K몫 매수: 주식층 비중 11.8%
2024-04-08 09:30:00,AMD,매도,7,168.1459,-227.27,-16.205,3652.9,K몫 제외(주식층 비중 0)
2024-04-08 09:30:00,AVGO,매도,9,133.2983,38.67,3.335,4851.7,K몫 제외(주식층 비중 0)
2024-04-08 09:30:00,CDNS,매도,1,308.8955,-7.72,-2.442,5160.37,K몫 제외(주식층 비중 0)
2024-04-08 09:30:00,CRDO,매도,20,21.3793,2.46,0.581,5587.65,K몫 제외(주식층 비중 0)
2024-04-08 09:30:00,CRM,매도,2,300.9495,-11.28,-1.841,6189.11,K몫 제외(주식층 비중 0)
2024-04-08 09:30:00,CRWD,매도,27,78.8493,28.99,1.382,8316.49,K몫 제외(주식층 비중 0)
2024-04-08 09:30:00,DASH,매도,7,138.9305,69.33,7.688,9288.29,K몫 제외(주식층 비중 0)
2024-04-08 09:30:00,DAVE,매도,30,38.2109,154.3,15.578,10433.78,K몫 제외(주식층 비중 0)
2024-04-08 09:30:00,DDOG,매도,3,125.2573,7.65,2.08,10809.28,K몫 제외(주식층 비중 0)
2024-04-08 09:30:00,INTC,매도,8,38.6107,-30.75,-9.065,11117.94,K몫 제외(주식층 비중 0)
2024-04-08 09:30:00,LRCX,매도,13,97.3653,39.41,3.218,12382.76,K몫 제외(주식층 비중 0)
2024-04-08 09:30:00,MDB,매도,1,360.7396,-8.61,-2.333,12743.24,K몫 제외(주식층 비중 0)
2024-04-08 09:30:00,META,매도,3,529.0253,97.96,6.588,14329.15,K몫 제외(주식층 비중 0)
2024-04-08 09:30:00,MSFT,매도,1,424.8395,17.92,4.411,14753.68,K몫 제외(주식층 비중 0)
2024-04-08 09:30:00,MU,매도,17,129.0255,104.7,5.02,16945.52,K몫 제외(주식층 비중 0)
2024-04-08 09:30:00,NET,매도,4,96.5517,0.14,0.037,17331.44,K몫 제외(주식층 비중 0)
2024-04-08 09:30:00,NOW,매도,1,156.5897,-2.11,-1.334,17487.92,K몫 제외(주식층 비중 0)
2024-04-08 09:30:00,NVDA,매도,4,88.6517,30.8,9.526,17842.26,K몫 제외(주식층 비중 0)
2024-04-08 09:30:00,ORCL,매도,2,124.9375,-6.61,-2.583,18091.96,K몫 제외(주식층 비중 0)
2024-04-08 09:30:00,SHIP,매도,181,8.6457,-43.67,-2.719,19655.68,K몫 제외(주식층 비중 0)
2024-04-08 09:30:00,SHOP,매도,4,75.1724,-17.31,-5.451,19956.15,K몫 제외(주식층 비중 0)
2024-04-08 09:30:00,STX,매도,4,91.2743,2.12,0.584,20320.98,K몫 제외(주식층 비중 0)
2024-04-08 09:30:00,WDC,매도,8,56.5099,72.46,19.117,20772.73,K몫 제외(주식층 비중 0)
2024-04-15 09:30:00,AMD,매수,2,164.4872,,,20443.53,K몫 매수: 주식층 비중 2.2%
2024-04-15 09:30:00,CRWD,매수,29,77.5387,,,18193.33,K몫 매수: 주식층 비중 12.3%
2024-04-15 09:30:00,DAVE,매수,59,34.1571,,,16176.65,K몫 매수: 주식층 비중 10.9%
2024-04-15 09:30:00,INTC,매수,11,36.038,,,15779.95,K몫 매수: 주식층 비중 2.3%
2024-04-15 09:30:00,MU,매수,19,123.8519,,,13425.12,K몫 매수: 주식층 비중 12.8%
2024-04-15 09:30:00,NOW,매수,2,153.8769,,,13117.15,K몫 매수: 주식층 비중 2.1%
2024-04-15 09:30:00,NVDA,매수,27,89.1731,,,10707.79,K몫 매수: 주식층 비중 13.2%
2024-04-15 09:30:00,ORCL,매수,3,122.2411,,,10340.81,K몫 매수: 주식층 비중 2.1%
2024-04-15 09:30:00,SHOP,매수,6,70.035,,,9920.31,K몫 매수: 주식층 비중 2.3%
2024-04-15 09:30:00,STX,매수,4,86.7333,,,9573.13,K몫 매수: 주식층 비중 2.3%
2024-04-15 09:30:00,VZ,매수,9,40.1301,,,9211.71,K몫 매수: 주식층 비중 2.0%
2024-04-15 09:30:00,WDC,매수,7,55.3224,,,8824.18,K몫 매수: 주식층 비중 2.2%
2024-04-17 09:30:00,GOOGL,매수,2,155.6978,,,8512.57,K몫 매수: 주식층 비중 2.2%
2024-04-18 09:30:00,KO,매수,7,58.6493,,,8101.74,K몫 매수: 주식층 비중 2.4%
2024-04-18 09:30:00,SHIP,매수,201,9.2546,,,6240.25,K몫 매수: 주식층 비중 10.2%
2024-04-19 09:30:00,CRDO,매수,21,17.8789,,,5864.53,K몫 매수: 주식층 비중 2.1%
2024-04-19 09:30:00,FTNT,매수,6,63.8219,,,5481.33,K몫 매수: 주식층 비중 2.3%
2024-04-19 09:30:00,MRVL,매수,6,64.7517,,,5092.55,K몫 매수: 주식층 비중 2.3%
2024-04-19 09:30:00,NET,매수,4,86.3231,,,4747.02,K몫 매수: 주식층 비중 2.3%
2024-04-19 15:59:59,VZ,매도,9,40.4698,2.54,0.703,5110.98,실적 발표 전 청산
2024-04-22 09:30:00,LRCX,매수,4,87.6838,,,4760.0,K몫 매수: 주식층 비중 2.2%
2024-04-22 09:30:00,PGR,매수,6,215.1675,,,3468.09,K몫 매수: 주식층 비중 8.4%
2024-04-22 15:59:59,STX,매도,4,85.1474,-6.84,-1.97,3808.43,실적 발표 전 청산
2024-04-23 09:30:00,AMD,매도,2,151.5742,-26.28,-7.988,4111.36,K몫 제외(주식층 비중 0)
2024-04-23 09:30:00,CRDO,매도,21,17.4713,-9.09,-2.422,4477.99,K몫 제외(주식층 비중 0)
2024-04-23 09:30:00,CRWD,매도,29,73.0884,-132.18,-5.878,6596.01,K몫 제외(주식층 비중 0)
2024-04-23 09:30:00,DAVE,매도,59,37.911,218.44,10.839,8831.12,K몫 제외(주식층 비중 0)
2024-04-23 09:30:00,FTNT,매도,6,64.048,0.81,0.211,9215.13,K몫 제외(주식층 비중 0)
2024-04-23 09:30:00,GOOGL,매도,2,156.9715,2.1,0.674,9528.84,K몫 제외(주식층 비중 0)
2024-04-23 09:30:00,INTC,매도,11,34.323,-19.42,-4.898,9906.12,K몫 제외(주식층 비중 0)
2024-04-23 09:30:00,KO,매도,7,60.4997,12.36,3.01,10329.31,K몫 제외(주식층 비중 0)
2024-04-23 09:30:00,LRCX,매도,4,86.7666,-4.17,-1.188,10676.12,K몫 제외(주식층 비중 0)
2024-04-23 09:30:00,MRVL,매도,6,63.3783,-8.79,-2.262,11056.12,K몫 제외(주식층 비중 0)
2024-04-23 09:30:00,MU,매도,19,109.6551,-272.91,-11.597,13138.04,K몫 제외(주식층 비중 0)
2024-04-23 09:30:00,NET,매도,4,85.957,-1.96,-0.567,13481.62,K몫 제외(주식층 비중 0)
2024-04-23 09:30:00,NOW,매도,2,145.3673,-17.45,-5.669,13772.14,K몫 제외(주식층 비중 0)
2024-04-23 09:30:00,NVDA,매도,27,80.7546,-230.58,-9.577,15950.92,K몫 제외(주식층 비중 0)
2024-04-23 09:30:00,ORCL,매도,3,115.1124,-21.89,-5.97,16296.01,K몫 제외(주식층 비중 0)
2024-04-23 09:30:00,PGR,매도,6,213.6231,-11.11,-0.86,17576.81,K몫 제외(주식층 비중 0)
2024-04-23 09:30:00,SHIP,매도,201,9.2154,-10.54,-0.567,19427.75,K몫 제외(주식층 비중 0)
2024-04-23 09:30:00,SHOP,매도,6,71.2444,6.65,1.583,19854.91,K몫 제외(주식층 비중 0)
2024-04-23 09:30:00,WDC,매도,7,50.8438,-31.88,-8.233,20210.56,K몫 제외(주식층 비중 0)
2024-04-24 09:30:00,CRWD,매수,9,75.938,,,19526.64,K몫 매수: 주식층 비중 3.9%
2024-04-24 09:30:00,DAVE,매수,8,43.5918,,,19177.66,K몫 매수: 주식층 비중 2.0%
2024-04-24 09:30:00,FTNT,매수,5,64.9224,,,18852.82,K몫 매수: 주식층 비중 2.0%
2024-04-24 09:30:00,PGR,매수,1,213.9169,,,18638.75,K몫 매수: 주식층 비중 2.3%
2024-04-25 09:30:00,CRWD,매도,9,72.256,-34.09,-4.988,19288.58,K몫 제외(주식층 비중 0)
2024-04-25 09:30:00,DAVE,매도,8,42.2988,-10.83,-3.107,19626.72,K몫 제외(주식층 비중 0)
2024-04-25 09:30:00,FTNT,매도,5,64.5777,-2.19,-0.674,19949.38,K몫 제외(주식층 비중 0)
2024-04-25 09:30:00,PGR,매도,1,212.0339,-2.19,-1.023,20161.26,K몫 제외(주식층 비중 0)
2024-04-30 09:30:00,CRWD,매수,20,75.5378,,,18649.44,K몫 매수: 주식층 비중 8.3%
2024-04-30 09:30:00,DAVE,매수,23,47.9139,,,17546.65,K몫 매수: 주식층 비중 6.3%
2024-04-30 09:30:00,FTNT,매수,6,63.8219,,,17163.45,K몫 매수: 주식층 비중 2.2%
2024-04-30 09:30:00,NET,매수,4,89.3046,,,16805.98,K몫 매수: 주식층 비중 2.3%
2024-04-30 09:30:00,ORCL,매수,3,115.1475,,,16460.3,K몫 매수: 주식층 비중 2.3%
2024-04-30 09:30:00,PGR,매수,5,206.9434,,,15424.86,K몫 매수: 주식층 비중 6.6%
2024-04-30 09:30:00,SHOP,매수,5,72.4362,,,15062.42,K몫 매수: 주식층 비중 2.3%
2024-04-30 09:30:00,STX,매수,4,85.4827,,,14720.25,K몫 매수: 주식층 비중 2.3%
2024-04-30 09:30:00,WDC,매수,29,52.7021,,,13190.82,K몫 매수: 주식층 비중 8.6%
2024-05-01 09:30:00,NOW,매수,3,138.8114,,,12774.1,K몫 매수: 주식층 비중 2.3%
2024-05-01 09:30:00,SHIP,매수,74,9.5548,,,12066.55,K몫 매수: 주식층 비중 3.9%
2024-05-01 15:59:59,FTNT,매도,6,63.4882,-2.55,-0.665,12447.2,실적 발표 전 청산
2024-05-01 15:59:59,NET,매도,4,87.986,-5.78,-1.618,12798.89,실적 발표 전 청산
2024-05-02 09:30:00,INTC,매수,12,30.6053,,,12431.37,K몫 매수: 주식층 비중 2.1%
2024-05-02 09:30:00,LLY,매수,1,777.7287,,,11653.09,K몫 매수: 주식층 비중 6.3%
2024-05-02 09:30:00,MRVL,매수,6,65.2826,,,11261.12,K몫 매수: 주식층 비중 2.2%
2024-05-02 09:30:00,MU,매수,3,111.7859,,,10925.53,K몫 매수: 주식층 비중 2.3%
2024-05-02 09:30:00,NVDA,매수,18,84.5222,,,9403.07,K몫 매수: 주식층 비중 8.4%
2024-05-03 09:30:00,ORCL,매도,3,115.922,1.83,0.529,9750.58,K몫 제외(주식층 비중 0)
2024-05-03 09:30:00,STX,매도,4,87.7461,8.56,2.503,10101.31,K몫 제외(주식층 비중 0)
2024-05-03 09:30:00,WDC,매도,29,53.6391,24.97,1.634,11655.7,K몫 제외(주식층 비중 0)
2024-05-06 15:59:59,DAVE,매도,23,46.6966,-29.55,-2.682,12728.94,실적 발표 전 청산
2024-05-07 09:30:00,CRWD,매도,20,78.958,66.19,4.382,14306.95,K몫 제외(주식층 비중 0)
2024-05-07 09:30:00,INTC,매도,12,31.0745,5.1,1.389,14679.57,K몫 제외(주식층 비중 0)
2024-05-07 09:30:00,LLY,매도,1,768.5156,-10.32,-1.327,15447.53,K몫 제외(주식층 비중 0)
2024-05-07 09:30:00,MRVL,매도,6,69.5952,25.3,6.458,15864.79,K몫 제외(주식층 비중 0)
2024-05-07 09:30:00,MU,매도,3,120.0699,24.35,7.262,16224.74,K몫 제외(주식층 비중 0)
2024-05-07 09:30:00,NOW,매도,3,145.927,20.74,4.979,16662.2,K몫 제외(주식층 비중 0)
2024-05-07 09:30:00,NVDA,매도,18,91.0405,115.07,7.563,18299.73,K몫 제외(주식층 비중 0)
2024-05-07 09:30:00,PGR,매도,5,216.2218,44.88,4.337,19380.05,K몫 제외(주식층 비중 0)
2024-05-07 09:30:00,SHIP,매도,74,9.5952,1.98,0.28,20089.58,K몫 제외(주식층 비중 0)
2024-05-07 09:30:00,SHOP,매도,5,76.4917,19.74,5.452,20471.76,K몫 제외(주식층 비중 0)
2024-05-08 09:30:00,CRWD,매수,20,78.009,,,18910.49,K몫 매수: 주식층 비중 8.8%
2024-05-08 09:30:00,MRVL,매수,5,67.8439,,,18571.03,K몫 매수: 주식층 비중 2.2%
2024-05-08 09:30:00,MU,매수,13,118.3612,,,17031.26,K몫 매수: 주식층 비중 9.0%
2024-05-08 09:30:00,NVDA,매수,18,89.5327,,,15418.54,K몫 매수: 주식층 비중 9.0%
2024-05-08 09:30:00,ORCL,매수,3,117.7689,,,15064.99,K몫 매수: 주식층 비중 2.3%
2024-05-08 09:30:00,SHIP,매수,120,10.2351,,,13835.91,K몫 매수: 주식층 비중 6.7%
2024-05-08 09:30:00,STX,매수,4,88.8044,,,13480.45,K몫 매수: 주식층 비중 2.3%
2024-05-08 09:30:00,WDC,매수,7,53.3222,,,13106.93,K몫 매수: 주식층 비중 2.3%
2024-05-09 09:30:00,DAVE,매수,29,51.7359,,,11605.54,K몫 매수: 주식층 비중 8.3%
2024-05-09 09:30:00,NOW,매수,2,144.1881,,,11316.96,K몫 매수: 주식층 비중 2.3%
2024-05-14 09:30:00,CDNS,매수,1,284.7423,,,11032.02,K몫 매수: 주식층 비중 2.0%
2024-05-14 09:30:00,CRDO,매수,21,17.8789,,,10656.3,K몫 매수: 주식층 비중 2.0%
2024-05-14 15:59:59,SHIP,매도,120,10.7266,57.18,4.656,11942.56,실적 발표 전 청산
2024-05-16 09:30:00,SHIP,매수,146,10.7654,,,10369.71,K몫 매수: 주식층 비중 8.4%
2024-05-21 09:30:00,CDNS,매도,1,292.0439,6.89,2.419,10661.54,K몫 제외(주식층 비중 0)
2024-05-21 09:30:00,CRDO,매도,21,18.7106,16.92,4.505,11054.18,K몫 제외(주식층 비중 0)
2024-05-21 09:30:00,CRWD,매도,20,85.6172,149.82,9.603,12765.27,K몫 제외(주식층 비중 0)
2024-05-21 09:30:00,MRVL,매도,5,72.6437,23.5,6.927,13128.22,K몫 제외(주식층 비중 0)
2024-05-21 09:30:00,MU,매도,13,124.6177,79.07,5.139,14747.07,K몫 제외(주식층 비중 0)
2024-05-21 09:30:00,NOW,매도,2,154.9225,21.04,7.296,15056.69,K몫 제외(주식층 비중 0)
2024-05-21 09:30:00,ORCL,매도,3,124.3978,19.37,5.482,15429.61,K몫 제외(주식층 비중 0)
2024-05-21 09:30:00,STX,매도,4,93.6731,18.95,5.336,15804.03,K몫 제외(주식층 비중 0)
2024-05-21 09:30:00,WDC,매도,7,54.1672,5.38,1.44,16182.92,K몫 제외(주식층 비중 0)
2024-05-21 15:59:59,NVDA,매도,18,95.3033,101.49,6.298,17897.13,실적 발표 전 청산
2024-05-22 09:30:00,CRWD,매수,31,87.5437,,,15181.37,K몫 매수: 주식층 비중 14.7%
2024-05-23 09:30:00,CRWD,매도,31,87.4563,-6.59,-0.243,17890.54,K몫 제외(주식층 비중 0)
2024-05-23 09:30:00,DAVE,매도,29,44.1279,-222.61,-14.838,19169.31,K몫 제외(주식층 비중 0)
2024-05-23 09:30:00,SHIP,매도,146,12.3538,229.5,14.601,20971.66,K몫 제외(주식층 비중 0)
2024-05-24 09:30:00,DAVE,매수,100,43.8019,,,16588.4,K몫 매수: 주식층 비중 23.3%
2024-05-24 09:30:00,NVDA,매수,41,104.5703,,,12298.02,K몫 매수: 주식층 비중 23.3%
2024-05-24 09:30:00,SHIP,매수,359,12.2061,,,7912.96,K몫 매수: 주식층 비중 23.3%
2024-05-29 09:30:00,CRWD,매수,29,85.6678,,,5426.86,K몫 매수: 주식층 비중 13.3%
2024-05-31 09:30:00,ISRG,매수,2,404.232,,,4617.83,K몫 매수: 주식층 비중 5.3%
2024-05-31 09:30:00,LLY,매수,1,819.2094,,,3798.04,K몫 매수: 주식층 비중 5.3%
2024-05-31 09:30:00,META,매수,2,466.0329,,,2865.32,K몫 매수: 주식층 비중 5.3%
2024-05-31 09:30:00,NVDA,매도,41,112.4567,316.98,7.393,7472.69,K몫 제외(주식층 비중 0)
2024-06-03 09:30:00,CRWD,매도,29,79.7726,-174.39,-7.019,9784.4,K몫 제외(주식층 비중 0)
2024-06-03 09:30:00,DAVE,매도,100,44.4578,59.28,1.353,14226.93,K몫 제외(주식층 비중 0)
2024-06-03 09:30:00,ISRG,매도,2,401.774,-6.07,-0.751,15029.89,K몫 제외(주식층 비중 0)
2024-06-03 09:30:00,LLY,매도,1,823.4181,3.03,0.37,15852.71,K몫 제외(주식층 비중 0)
2024-06-03 09:30:00,META,매도,2,470.6346,7.86,0.844,16793.29,K몫 제외(주식층 비중 0)
2024-06-03 09:30:00,SHIP,매도,359,12.2539,10.87,0.248,21189.22,K몫 제외(주식층 비중 0)
2024-06-04 09:30:00,DAVE,매수,110,36.2581,,,17198.04,K몫 매수: 주식층 비중 21.0%
2024-06-04 09:30:00,NVDA,매수,34,115.7749,,,13258.93,K몫 매수: 주식층 비중 21.0%
2024-06-04 09:30:00,SHIP,매수,333,12.026,,,9251.47,K몫 매수: 주식층 비중 21.0%
2024-06-05 09:30:00,MU,매수,33,128.8644,,,4995.97,K몫 매수: 주식층 비중 23.3%
2024-06-12 09:30:00,CRWD,매수,29,97.7013,,,2160.65,K몫 매수: 주식층 비중 15.3%
2024-06-13 09:30:00,WDC,매수,36,59.7426,,,8.41,K몫 매수: 주식층 비중 19.6%
2024-06-25 15:59:59,MU,매도,33,141.0195,394.74,9.283,4658.65,실적 발표 전 청산
2024-06-26 09:30:00,CROX,매수,9,151.8259,,,3291.26,K몫 매수: 주식층 비중 7.2%
2024-06-26 09:30:00,SHOP,매수,5,65.2326,,,2964.87,K몫 매수: 주식층 비중 2.0%
2024-06-26 09:30:00,STX,매수,4,103.6718,,,2549.89,K몫 매수: 주식층 비중 2.2%
2024-06-26 09:30:00,VZ,매수,10,41.0205,,,2139.4,K몫 매수: 주식층 비중 2.3%
2024-06-28 09:30:00,AVGO,매수,2,159.6678,,,1819.84,K몫 매수: 주식층 비중 2.3%
2024-06-28 09:30:00,CRDO,매수,57,31.5157,,,22.19,K몫 매수: 주식층 비중 10.6%
2024-07-16 09:30:00,AVGO,매도,2,172.3338,24.86,7.784,366.6,K몫 제외(주식층 비중 0)
2024-07-16 09:30:00,CRDO,매도,57,33.1234,89.0,4.954,2253.26,K몫 제외(주식층 비중 0)
2024-07-16 09:30:00,CROX,매도,9,136.1119,-143.28,-10.485,3477.37,K몫 제외(주식층 비중 0)
2024-07-16 09:30:00,CRWD,매도,29,94.5127,-96.45,-3.404,6216.24,K몫 제외(주식층 비중 0)
2024-07-16 09:30:00,DAVE,매도,110,39.1604,313.32,7.856,10520.74,K몫 제외(주식층 비중 0)
2024-07-16 09:30:00,NVDA,매도,34,128.3458,421.47,10.707,14881.31,K몫 제외(주식층 비중 0)
2024-07-16 09:30:00,SHIP,매도,333,9.6652,-791.31,-19.76,18097.46,K몫 제외(주식층 비중 0)
2024-07-16 09:30:00,SHOP,매도,5,67.2264,9.5,2.911,18433.35,K몫 제외(주식층 비중 0)
2024-07-16 09:30:00,STX,매도,4,109.2454,21.68,5.229,18870.01,K몫 제외(주식층 비중 0)
2024-07-16 09:30:00,VZ,매도,10,40.8296,-2.49,-0.608,19278.01,K몫 제외(주식층 비중 0)
2024-07-16 09:30:00,WDC,매도,36,58.7575,-38.52,-1.791,21391.73,K몫 제외(주식층 비중 0)
2024-07-29 09:30:00,DAVE,매수,88,36.3181,,,18193.5,로테이션 매수: 126일 모멘텀 상위 2
2024-07-29 09:30:00,NEM,매수,110,47.2136,,,12996.37,K몫 매수: 주식층 비중 27.1%
2024-07-29 09:30:00,NVDA,매수,28,113.6768,,,9811.19,로테이션 매수: 126일 모멘텀 상위 2
2024-07-30 09:30:00,GS,매수,4,498.5592,,,7815.56,K몫 매수: 주식층 비중 10.7%
2024-07-31 09:30:00,CRWD,매수,42,58.6968,,,5348.56,K몫 매수: 주식층 비중 13.3%
2024-07-31 09:30:00,PANW,매수,15,160.4027,,,2940.84,K몫 매수: 주식층 비중 13.3%
2024-08-02 09:30:00,CRWD,매도,42,54.7412,-169.54,-6.877,5238.29,K몫 제외(주식층 비중 0)
2024-08-02 09:30:00,DAVE,매도,88,33.4932,-252.98,-7.916,8183.55,로테이션 제외(모멘텀 순위 밖 또는 국면 0)
2024-08-02 09:30:00,GS,매도,4,490.6746,-34.37,-1.723,10144.81,K몫 제외(주식층 비중 0)
2024-08-02 09:30:00,NEM,매도,110,49.975,296.11,5.701,15638.05,K몫 제외(주식층 비중 0)
2024-08-02 09:30:00,NVDA,매도,28,103.2317,-296.8,-9.325,18526.42,로테이션 제외(모멘텀 순위 밖 또는 국면 0)
2024-08-02 09:30:00,PANW,매도,15,153.0085,-114.27,-4.749,20819.88,K몫 제외(주식층 비중 0)
2024-08-05 09:30:00,AVGO,매수,35,131.2456,,,16223.07,K몫 매수: 주식층 비중 24.8%
2024-08-05 09:30:00,CRDO,매수,205,22.6063,,,11585.53,K몫 매수: 주식층 비중 24.8%
2024-08-05 09:30:00,NVDA,매수,33,92.046,,,8545.89,로테이션 매수: 126일 모멘텀 상위 2
2024-08-07 09:30:00,DAVE,매수,102,32.7664,,,5201.38,로테이션 매수: 126일 모멘텀 상위 2
2024-08-14 09:30:00,AMD,매수,3,143.0715,,,4771.86,K몫 매수: 주식층 비중 2.2%
2024-08-14 09:30:00,CDNS,매수,1,271.8659,,,4499.81,K몫 매수: 주식층 비중 2.4%
2024-08-14 09:30:00,DDOG,매수,5,114.8674,,,3925.07,K몫 매수: 주식층 비중 2.8%
2024-08-14 09:30:00,FTNT,매수,32,71.7358,,,1627.91,K몫 매수: 주식층 비중 10.8%
2024-08-14 09:30:00,LRCX,매수,7,84.9184,,,1033.07,K몫 매수: 주식층 비중 2.8%
2024-08-14 09:30:00,ORCL,매수,5,134.107,,,362.06,K몫 매수: 주식층 비중 3.2%
2024-08-14 09:30:00,PANW,매수,2,168.8369,,,24.15,K몫 매수: 주식층 비중 3.2%
2024-08-15 09:30:00,SHIP,매수,2,10.8554,,,2.43,K몫 매수: 주식층 비중 9.4%
2024-08-16 15:59:59,PANW,매도,2,166.9715,-4.21,-1.247,336.13,실적 발표 전 청산
2024-08-19 09:30:00,STX,매수,3,101.5808,,,31.17,K몫 매수: 주식층 비중 2.4%
2024-08-27 15:59:59,NVDA,매도,33,128.2758,1190.37,39.189,4261.18,실적 발표 전 청산
2024-08-28 09:30:00,LLY,매수,1,954.6271,,,3305.89,K몫 매수: 주식층 비중 5.9%
2024-08-28 09:30:00,META,매수,3,517.8188,,,1751.34,K몫 매수: 주식층 비중 7.8%
2024-08-28 09:30:00,NET,매수,6,80.5903,,,1267.46,K몫 매수: 주식층 비중 2.1%
2024-08-28 09:30:00,WDC,매수,11,47.0454,,,749.6,K몫 매수: 주식층 비중 2.4%
2024-08-29 09:30:00,NVDA,매수,6,120.2194,,,27.78,로테이션 매수: 126일 모멘텀 상위 2
2024-08-30 09:30:00,AMD,매도,3,147.4192,12.42,2.894,469.71,K몫 제외(주식층 비중 0)
2024-08-30 09:30:00,AVGO,매도,35,161.0494,1035.8,22.549,6102.33,K몫 제외(주식층 비중 0)
2024-08-30 09:30:00,CRDO,매도,205,35.1824,2569.59,55.447,13309.46,K몫 제외(주식층 비중 0)
2024-08-30 09:30:00,ISRG,매수,2,489.4046,,,12329.96,K몫 매수: 주식층 비중 5.6%
2024-08-30 09:30:00,LRCX,매도,7,82.3178,-19.04,-3.203,12905.77,K몫 제외(주식층 비중 0)
2024-08-30 09:30:00,MSFT,매수,1,416.0379,,,12489.44,K몫 매수: 주식층 비중 2.3%
2024-08-30 09:30:00,PANW,매수,3,179.2996,,,11951.16,K몫 매수: 주식층 비중 2.4%
2024-08-30 09:30:00,SHOP,매수,7,73.5868,,,11435.69,K몫 매수: 주식층 비중 2.2%
2024-09-03 09:30:00,AMGN,매수,1,331.7558,,,11103.71,K몫 매수: 주식층 비중 2.0%
2024-09-03 09:30:00,DDOG,매도,5,114.922,-0.55,-0.095,11677.9,K몫 제외(주식층 비중 0)
2024-09-03 09:30:00,NET,매도,6,81.5592,5.12,1.058,12166.9,K몫 제외(주식층 비중 0)
2024-09-03 09:30:00,ORCL,매도,5,140.3798,30.38,4.531,12868.28,K몫 제외(주식층 비중 0)
2024-09-03 09:30:00,STX,매도,3,99.5002,-6.67,-2.19,13166.56,K몫 제외(주식층 비중 0)
2024-09-03 09:30:00,WDC,매도,11,48.5363,15.65,3.024,13700.07,K몫 제외(주식층 비중 0)
2024-09-04 09:30:00,DDOG,매수,4,110.8254,,,13256.46,K몫 매수: 주식층 비중 2.4%
2024-09-04 09:30:00,NET,매수,10,77.0385,,,12485.54,K몫 매수: 주식층 비중 3.3%
2024-09-04 09:30:00,ORCL,매수,20,138.5092,,,9713.41,K몫 매수: 주식층 비중 11.9%
2024-09-04 09:30:00,STX,매수,28,96.148,,,7019.38,K몫 매수: 주식층 비중 11.9%
2024-09-04 09:30:00,WDC,매수,58,46.8564,,,4299.81,K몫 매수: 주식층 비중 11.7%
2024-09-05 09:30:00,SHIP,매도,2,11.0845,0.43,1.965,4321.96,K몫 제외(주식층 비중 0)
2024-09-06 09:30:00,AMGN,매도,1,324.5377,-7.69,-2.317,4646.27,K몫 제외(주식층 비중 0)
2024-09-06 09:30:00,ISRG,매도,2,476.6816,-26.83,-2.741,5598.93,K몫 제외(주식층 비중 0)
2024-09-06 09:30:00,LLY,매도,1,919.8598,-36.11,-3.782,6518.12,K몫 제외(주식층 비중 0)
2024-09-06 09:30:00,META,매도,3,521.769,9.62,0.619,8082.29,K몫 제외(주식층 비중 0)
2024-09-06 15:59:59,ORCL,매도,20,141.7891,61.59,2.223,10916.0,실적 발표 전 청산
2024-09-09 09:30:00,LRCX,매수,8,74.3386,,,10320.87,K몫 매수: 주식층 비중 2.8%
2024-09-09 09:30:00,MU,매수,27,87.9089,,,7945.67,K몫 매수: 주식층 비중 10.6%
2024-09-11 09:30:00,ORCL,매수,19,156.6883,,,4966.51,K몫 매수: 주식층 비중 13.4%
2024-09-12 09:30:00,ISRG,매수,5,491.2455,,,2508.56,K몫 매수: 주식층 비중 10.4%
2024-09-12 09:30:00,PGR,매수,10,247.4737,,,32.09,K몫 매수: 주식층 비중 10.6%
2024-09-23 09:30:00,SHIP,매수,2,11.3657,,,9.34,K몫 매수: 주식층 비중 10.3%
2024-09-24 15:59:59,MU,매도,27,93.973,160.22,6.75,2544.76,실적 발표 전 청산
2024-09-25 09:30:00,LLY,매수,2,932.2559,,,678.95,K몫 매수: 주식층 비중 8.6%
2024-09-26 09:30:00,CDNS,매도,1,280.7595,8.5,3.126,959.5,K몫 제외(주식층 비중 0)
2024-09-26 09:30:00,KO,매수,8,70.8954,,,391.94,K몫 매수: 주식층 비중 2.3%
2024-09-26 09:30:00,PEP,매수,2,169.0845,,,53.53,K몫 매수: 주식층 비중 2.8%
2024-09-27 09:30:00,CRDO,매수,1,31.3156,,,22.2,K몫 매수: 주식층 비중 2.3%
2024-10-02 09:30:00,DDOG,매도,4,114.1329,12.59,2.839,478.39,K몫 제외(주식층 비중 0)
2024-10-03 09:30:00,MU,매수,4,99.5197,,,80.04,K몫 매수: 주식층 비중 2.0%
2024-10-07 09:30:00,DAVE,매도,102,43.1484,1053.42,31.519,4477.96,로테이션 제외(모멘텀 순위 밖 또는 국면 0)
2024-10-07 09:30:00,META,매수,4,598.5191,,,2082.21,K몫 매수: 주식층 비중 11.7%
2024-10-07 09:30:00,NEM,매수,39,52.9565,,,15.46,로테이션 매수: 126일 모멘텀 상위 2
2024-10-07 09:30:00,NVDA,매도,6,124.8875,26.96,3.737,764.24,로테이션 제외(모멘텀 순위 밖 또는 국면 0)
2024-10-07 09:30:00,RTX,매수,6,124.9124,,,14.24,로테이션 매수: 126일 모멘텀 상위 2
2024-10-07 15:59:59,PEP,매도,2,167.0739,-4.5,-1.331,348.15,실적 발표 전 청산
2024-10-08 09:30:00,AVGO,매수,1,175.5577,,,172.46,K몫 매수: 주식층 비중 11.3%
2024-10-08 09:30:00,DAVE,매수,4,42.9114,,,0.7,K몫 매수: 주식층 비중 10.1%
2024-10-10 09:30:00,AVGO,매도,1,183.4083,7.59,4.325,183.97,K몫 제외(주식층 비중 0)
2024-10-10 09:30:00,CRDO,매도,1,34.8326,3.47,11.079,218.78,K몫 제외(주식층 비중 0)
2024-10-10 09:30:00,DAVE,매도,4,41.969,-4.01,-2.338,386.53,K몫 제외(주식층 비중 0)
2024-10-10 09:30:00,FTNT,매도,32,79.8101,254.9,11.104,2938.59,K몫 제외(주식층 비중 0)
2024-10-10 09:30:00,ISRG,매도,5,485.757,-30.93,-1.259,5365.6,K몫 제외(주식층 비중 0)
2024-10-10 09:30:00,KO,매도,8,69.7951,-9.61,-1.694,5923.56,K몫 제외(주식층 비중 0)
2024-10-10 09:30:00,LLY,매도,2,919.54,-28.08,-1.506,7761.29,K몫 제외(주식층 비중 0)
2024-10-10 09:30:00,LRCX,매도,8,81.4992,56.39,9.482,8412.81,K몫 제외(주식층 비중 0)
2024-10-10 09:30:00,META,매도,4,586.9564,-49.64,-2.073,10758.92,K몫 제외(주식층 비중 0)
2024-10-10 09:30:00,MSFT,매도,1,415.0174,-1.61,-0.388,11173.64,K몫 제외(주식층 비중 0)
2024-10-10 09:30:00,MU,매도,4,101.7591,8.38,2.106,11580.38,K몫 제외(주식층 비중 0)
2024-10-10 09:30:00,NEM,매도,39,52.9635,-2.68,-0.13,13644.45,로테이션 제외(모멘텀 순위 밖 또는 국면 0)
2024-10-10 09:30:00,NET,매도,10,84.5377,73.84,9.584,14489.21,K몫 제외(주식층 비중 0)
2024-10-10 09:30:00,ORCL,매도,19,177.5612,392.04,13.169,17860.41,K몫 제외(주식층 비중 0)
2024-10-10 09:30:00,PANW,매도,3,179.91,1.06,0.197,18399.74,K몫 제외(주식층 비중 0)
2024-10-10 09:30:00,PGR,매도,10,255.3223,74.89,3.026,20951.1,K몫 제외(주식층 비중 0)
2024-10-10 09:30:00,RTX,매도,6,123.5682,-9.13,-1.218,21691.97,로테이션 제외(모멘텀 순위 밖 또는 국면 0)
2024-10-10 09:30:00,SHIP,매도,2,10.7846,-1.19,-5.252,21713.52,K몫 제외(주식층 비중 0)
2024-10-10 09:30:00,SHOP,매도,7,82.3188,60.34,11.715,22289.33,K몫 제외(주식층 비중 0)
2024-10-10 09:30:00,STX,매도,28,107.6961,319.26,11.859,25302.62,K몫 제외(주식층 비중 0)
2024-10-10 09:30:00,WDC,매도,58,48.2185,75.06,2.762,28097.25,K몫 제외(주식층 비중 0)
2024-10-17 09:30:00,BTSG,매수,124,15.7979,,,26136.94,K몫 매수: 주식층 비중 7.8%
2024-10-17 09:30:00,CRDO,매수,111,37.8789,,,21929.44,로테이션 매수: 126일 모멘텀 상위 2
2024-10-17 09:30:00,INCY,매수,29,66.023,,,20013.43,K몫 매수: 주식층 비중 7.8%
2024-10-17 09:30:00,LLY,매수,2,921.4605,,,18169.22,K몫 매수: 주식층 비중 7.8%
2024-10-17 09:30:00,NEM,매수,74,56.8284,,,13960.98,로테이션 매수: 126일 모멘텀 상위 2
2024-10-21 09:30:00,ISRG,매수,4,519.2995,,,11882.32,K몫 매수: 주식층 비중 8.6%
2024-10-22 09:30:00,BTSG,매도,124,16.082,32.4,1.654,13875.03,K몫 제외(주식층 비중 0)
2024-10-22 09:30:00,CRDO,매도,111,39.7201,198.21,4.714,18280.75,로테이션 제외(모멘텀 순위 밖 또는 국면 0)
2024-10-22 09:30:00,INCY,매도,29,64.9675,-33.32,-1.741,20163.43,K몫 제외(주식층 비중 0)
2024-10-22 09:30:00,ISRG,매도,4,514.7425,-21.19,-1.02,22220.9,K몫 제외(주식층 비중 0)
2024-10-22 09:30:00,LLY,매도,2,901.2242,-43.08,-2.338,24022.03,K몫 제외(주식층 비중 0)
2024-10-22 09:30:00,NEM,매도,74,57.901,73.3,1.743,28303.58,로테이션 제외(모멘텀 순위 밖 또는 국면 0)
2024-11-05 09:30:00,CRDO,매수,104,40.7754,,,24059.97,로테이션 매수: 126일 모멘텀 상위 2
2024-11-05 09:30:00,NVDA,매수,45,137.4987,,,17868.2,K몫 매수: 주식층 비중 24.6%
2024-11-05 09:30:00,ORCL,매수,36,170.5552,,,11723.91,K몫 매수: 주식층 비중 24.6%
2024-11-05 09:30:00,TSLA,매수,17,247.5237,,,7513.06,로테이션 매수: 126일 모멘텀 상위 2
2024-11-08 09:30:00,ORCL,매도,36,186.1669,552.83,9.004,14210.18,K몫 제외(주식층 비중 0)
2024-11-12 09:30:00,ORCL,매수,29,188.6343,,,8735.95,K몫 매수: 주식층 비중 19.8%
2024-11-13 09:30:00,CRDO,매도,104,47.0265,643.58,15.176,13623.14,로테이션 제외(모멘텀 순위 밖 또는 국면 0)
2024-11-13 09:30:00,NVDA,매도,45,148.9755,507.23,8.198,20322.14,K몫 제외(주식층 비중 0)
2024-11-13 09:30:00,ORCL,매도,29,188.9055,0.04,0.001,25796.4,K몫 제외(주식층 비중 0)
2024-11-13 09:30:00,TSLA,매도,17,336.9974,1513.93,35.978,31521.17,로테이션 제외(모멘텀 순위 밖 또는 국면 0)
2024-11-15 09:30:00,CRDO,매수,114,41.2306,,,26817.59,로테이션 매수: 126일 모멘텀 상위 2
2024-11-15 09:30:00,DAL,매수,38,65.4727,,,24327.89,K몫 매수: 주식층 비중 8.8%
2024-11-15 09:30:00,MSFT,매수,1,420.4601,,,23907.14,K몫 매수: 주식층 비중 2.2%
2024-11-15 09:30:00,NET,매수,6,90.4752,,,23363.9,K몫 매수: 주식층 비중 2.0%
2024-11-15 09:30:00,NVDA,매수,21,144.9424,,,20317.98,K몫 매수: 주식층 비중 10.8%
2024-11-15 09:30:00,ORCL,매수,16,184.6123,,,17362.12,K몫 매수: 주식층 비중 10.9%
2024-11-15 09:30:00,PANW,매수,3,193.9565,,,16779.84,K몫 매수: 주식층 비중 2.4%
2024-11-15 09:30:00,SHOP,매수,6,107.1535,,,16136.47,K몫 매수: 주식층 비중 2.3%
2024-11-15 09:30:00,STX,매수,7,96.1881,,,15462.68,K몫 매수: 주식층 비중 2.5%
2024-11-15 09:30:00,TSLA,매수,15,310.3352,,,10804.4,로테이션 매수: 126일 모멘텀 상위 2
2024-11-15 09:30:00,WDC,매수,14,47.2269,,,10142.76,K몫 매수: 주식층 비중 2.4%
2024-11-18 09:30:00,AVGO,매수,3,166.2131,,,9643.77,K몫 매수: 주식층 비중 2.4%
2024-11-19 15:59:59,PANW,매도,3,193.933,-0.9,-0.155,10225.14,실적 발표 전 청산
2024-11-19 15:59:59,NVDA,매도,21,146.9165,37.07,1.218,13308.14,실적 발표 전 청산
2024-11-20 09:30:00,DASH,매수,9,175.8579,,,11724.31,K몫 매수: 주식층 비중 6.0%
2024-11-21 09:30:00,GS,매수,2,585.2026,,,10553.08,K몫 매수: 주식층 비중 5.8%
2024-11-22 09:30:00,NVDA,매수,22,145.983,,,7339.21,K몫 매수: 주식층 비중 11.3%
2024-11-22 09:30:00,PANW,매수,3,196.5382,,,6749.18,K몫 매수: 주식층 비중 2.5%
2024-11-25 09:30:00,MU,매수,5,103.9269,,,6229.18,K몫 매수: 주식층 비중 2.0%
2024-11-26 09:30:00,BTSG,매수,136,18.9395,,,3651.61,K몫 매수: 주식층 비중 8.8%
2024-12-02 15:59:59,CRDO,매도,114,47.7261,733.23,15.6,9088.42,실적 발표 전 청산
2024-12-03 09:31:44,CRDO,매수,76,64.2821,,,4199.56,로테이션 매수: 126일 모멘텀 상위 2
2024-12-04 09:30:00,AVGO,매도,3,173.2583,20.41,4.093,4718.95,K몫 제외(주식층 비중 0)
2024-12-04 09:30:00,MU,매도,5,100.5597,-17.57,-3.381,5221.39,K몫 제외(주식층 비중 0)
2024-12-04 09:30:00,NVDA,매도,22,141.949,-93.28,-2.904,8341.98,K몫 제외(주식층 비중 0)
2024-12-05 09:30:00,AVGO,매수,4,170.8354,,,7658.16,K몫 매수: 주식층 비중 2.4%
2024-12-05 09:30:00,MU,매수,6,103.8219,,,7034.8,K몫 매수: 주식층 비중 2.1%
2024-12-05 09:30:00,NVDA,매수,4,144.3231,,,6457.1,K몫 매수: 주식층 비중 2.4%
2024-12-06 15:59:59,ORCL,매도,16,191.5842,107.24,3.631,9520.21,실적 발표 전 청산
2024-12-11 15:59:59,AVGO,매도,4,183.0484,47.84,7.001,10251.87,실적 발표 전 청산
2024-12-16 09:30:00,AVGO,매수,15,231.9059,,,6770.84,K몫 매수: 주식층 비중 11.5%
2024-12-17 09:30:00,DAVE,매수,26,103.7919,,,4070.37,K몫 매수: 주식층 비중 8.6%
2024-12-17 09:30:00,NOW,매수,3,226.113,,,3391.55,K몫 매수: 주식층 비중 2.2%
2024-12-17 15:59:59,MU,매도,6,108.5857,27.67,4.442,4042.59,실적 발표 전 청산
2024-12-20 09:30:00,MRVL,매수,6,108.054,,,3393.81,K몫 매수: 주식층 비중 2.3%
2024-12-23 09:30:00,AVGO,매도,15,226.5767,-84.85,-2.439,6789.98,K몫 제외(주식층 비중 0)
2024-12-23 09:30:00,BTSG,매도,136,16.9815,-269.77,-10.473,9097.78,K몫 제외(주식층 비중 0)
2024-12-23 09:30:00,CRDO,매도,76,69.7651,409.42,8.38,14396.06,로테이션 제외(모멘텀 순위 밖 또는 국면 0)
2024-12-23 09:30:00,DAL,매도,38,60.5697,-189.74,-7.626,16696.03,K몫 제외(주식층 비중 0)
2024-12-23 09:30:00,DASH,매도,9,170.9545,-46.36,-2.929,18233.49,K몫 제외(주식층 비중 0)
2024-12-23 09:30:00,DAVE,매도,26,88.9155,-390.36,-14.465,20543.61,K몫 제외(주식층 비중 0)
2024-12-23 09:30:00,GS,매도,2,564.7175,-42.61,-3.641,21672.22,K몫 제외(주식층 비중 0)
2024-12-23 09:30:00,MRVL,매도,6,112.0739,23.17,3.575,22344.17,K몫 제외(주식층 비중 0)
2024-12-23 09:30:00,MSFT,매도,1,436.4717,15.4,3.662,22780.33,K몫 제외(주식층 비중 0)
2024-12-23 09:30:00,NET,매도,6,112.1039,128.9,23.745,23452.46,K몫 제외(주식층 비중 0)
2024-12-23 09:30:00,NOW,매도,3,217.0914,-28.02,-4.13,24103.26,K몫 제외(주식층 비중 0)
2024-12-23 09:30:00,NVDA,매도,4,136.2119,-33.25,-5.759,24647.71,K몫 제외(주식층 비중 0)
2024-12-23 09:30:00,PANW,매도,3,187.364,-28.35,-4.808,25209.39,K몫 제외(주식층 비중 0)
2024-12-23 09:30:00,SHOP,매도,6,108.4757,7.01,1.09,25859.77,K몫 제외(주식층 비중 0)
2024-12-23 09:30:00,STX,매도,7,87.4163,-62.32,-9.256,26471.24,K몫 제외(주식층 비중 0)
2024-12-23 09:30:00,TSLA,매도,15,430.747,1798.2,38.629,32927.72,로테이션 제외(모멘텀 순위 밖 또는 국면 0)
2024-12-23 09:30:00,WDC,매도,14,45.3364,-27.39,-4.143,33561.97,K몫 제외(주식층 비중 0)
2025-01-27 09:30:00,AAPL,매수,3,224.142,,,32889.07,K몫 매수: 주식층 비중 2.8%
2025-01-27 09:30:00,AVGO,매수,2,212.2861,,,32464.2,K몫 매수: 주식층 비중 2.1%
2025-01-27 09:30:00,BTSG,매수,129,22.5613,,,29551.76,K몫 매수: 주식층 비중 9.7%
2025-01-27 09:30:00,CRDO,매수,73,68.2401,,,24566.75,로테이션 매수: 126일 모멘텀 상위 2
2025-01-27 09:30:00,DAVE,매수,58,86.043,,,19572.76,로테이션 매수: 126일 모멘텀 상위 2
2025-01-27 09:30:00,MRVL,매수,6,108.084,,,18923.8,K몫 매수: 주식층 비중 2.3%
2025-01-27 09:30:00,MSFT,매수,1,424.4221,,,18499.08,K몫 매수: 주식층 비중 2.1%
2025-01-27 09:30:00,NOW,매수,3,223.5947,,,17827.83,K몫 매수: 주식층 비중 2.7%
2025-01-27 09:30:00,NVDA,매수,5,124.8524,,,17203.13,K몫 매수: 주식층 비중 2.5%
2025-01-27 09:30:00,PANW,매수,4,186.153,,,16458.0,K몫 매수: 주식층 비중 2.6%
2025-01-27 09:30:00,SHOP,매수,6,104.5022,,,15830.54,K몫 매수: 주식층 비중 2.4%
2025-01-27 09:30:00,STX,매수,5,105.1525,,,15304.41,K몫 매수: 주식층 비중 2.1%
2025-01-27 09:30:00,TSLA,매수,7,394.7293,,,12539.37,K몫 매수: 주식층 비중 9.6%
2025-01-28 09:30:00,AAPL,매도,3,230.7646,18.89,2.809,13231.16,K몫 제외(주식층 비중 0)
2025-01-28 09:30:00,AVGO,매도,2,207.1164,-10.94,-2.576,13645.09,K몫 제외(주식층 비중 0)
2025-01-28 09:30:00,BTSG,매도,129,23.7081,143.68,4.937,16701.21,K몫 제외(주식층 비중 0)
2025-01-28 09:30:00,CRDO,매도,73,59.4353,-649.41,-13.036,21036.82,로테이션 제외(모멘텀 순위 밖 또는 국면 0)
2025-01-28 09:30:00,DAVE,매도,58,89.2354,177.89,3.564,26208.69,로테이션 제외(모멘텀 순위 밖 또는 국면 0)
2025-01-28 09:30:00,MRVL,매도,6,103.2484,-29.92,-4.614,26827.73,K몫 제외(주식층 비중 0)
2025-01-28 09:30:00,MSFT,매도,1,432.5836,7.55,1.779,27260.0,K몫 제외(주식층 비중 0)
2025-01-28 09:30:00,NOW,매도,3,229.885,17.9,2.668,27949.15,K몫 제외(주식층 비중 0)
2025-01-28 09:30:00,NVDA,매도,5,121.7441,-16.42,-2.631,28557.42,K몫 제외(주식층 비중 0)
2025-01-28 09:30:00,PANW,매도,4,188.5653,8.58,1.152,29311.13,K몫 제외(주식층 비중 0)
2025-01-28 09:30:00,SHOP,매도,6,108.9455,25.74,4.106,29964.33,K몫 제외(주식층 비중 0)
2025-01-28 09:30:00,STX,매도,5,103.5982,-8.52,-1.62,30481.94,K몫 제외(주식층 비중 0)
2025-01-28 09:30:00,TSLA,매도,7,394.8025,-3.44,-0.124,33243.54,K몫 제외(주식층 비중 0)
2025-03-18 09:30:00,AAPL,매수,3,214.2471,,,32600.35,K몫 매수: 주식층 비중 2.4%
2025-03-18 09:30:00,AVGO,매수,4,190.5352,,,31837.68,K몫 매수: 주식층 비중 3.2%
2025-03-18 09:30:00,CRDO,매수,106,46.8734,,,26865.62,로테이션 매수: 126일 모멘텀 상위 2
2025-03-18 09:30:00,CRM,매수,4,280.16,,,25744.19,K몫 매수: 주식층 비중 4.0%
2025-03-18 09:30:00,CRWD,매수,11,90.5452,,,24747.5,K몫 매수: 주식층 비중 3.5%
2025-03-18 09:30:00,DAVE,매수,57,86.143,,,19833.91,로테이션 매수: 126일 모멘텀 상위 2
2025-03-18 09:30:00,FTNT,매수,42,95.963,,,15800.64,K몫 매수: 주식층 비중 13.5%
2025-03-18 09:30:00,INTC,매수,24,25.5648,,,15186.66,K몫 매수: 주식층 비중 2.1%
2025-03-18 09:30:00,NET,매수,33,115.5377,,,11371.24,K몫 매수: 주식층 비중 12.9%
2025-03-18 09:30:00,PANW,매수,6,183.0415,,,10272.22,K몫 매수: 주식층 비중 3.9%
2025-03-18 09:30:00,SHOP,매수,10,95.948,,,9312.07,K몫 매수: 주식층 비중 3.5%
2025-03-18 09:30:00,SNDK,매수,65,55.1676,,,5723.67,K몫 매수: 주식층 비중 12.1%
2025-03-18 09:30:00,STX,매수,11,90.045,,,4732.48,K몫 매수: 주식층 비중 3.4%
2025-03-26 09:30:00,AAPL,매도,3,223.3982,26.51,4.125,5402.19,K몫 제외(주식층 비중 0)
2025-03-26 09:30:00,AVGO,매도,4,186.5667,-16.95,-2.224,6147.91,K몫 제외(주식층 비중 0)
2025-03-26 09:30:00,CRDO,매도,106,48.5057,165.79,3.337,11285.76,로테이션 제외(모멘텀 순위 밖 또는 국면 0)
2025-03-26 09:30:00,CRM,매도,4,288.1958,30.52,2.723,12437.71,K몫 제외(주식층 비중 0)
2025-03-26 09:30:00,CRWD,매도,11,95.5497,53.58,5.38,13487.99,K몫 제외(주식층 비중 0)
2025-03-26 09:30:00,DAVE,매도,57,96.8516,602.92,12.279,19004.49,로테이션 제외(모멘텀 순위 밖 또는 국면 0)
2025-03-26 09:30:00,FTNT,매도,42,101.5692,229.53,5.695,23267.29,K몫 제외(주식층 비중 0)
2025-03-26 09:30:00,INTC,매도,24,24.1979,-33.66,-5.486,23847.61,K몫 제외(주식층 비중 0)
2025-03-26 09:30:00,NET,매도,33,127.4662,387.9,10.174,28050.93,K몫 제외(주식층 비중 0)
2025-03-26 09:30:00,PANW,매도,6,189.3353,36.16,3.293,29186.11,K몫 제외(주식층 비중 0)
2025-03-26 09:30:00,SHOP,매도,10,109.1154,130.21,13.571,30276.47,K몫 제외(주식층 비중 0)
2025-03-26 09:30:00,SNDK,매도,65,53.2134,-132.06,-3.683,33732.81,K몫 제외(주식층 비중 0)
2025-03-26 09:30:00,STX,매도,11,87.976,-24.16,-2.439,34699.84,K몫 제외(주식층 비중 0)
2025-03-27 09:30:00,AAPL,매수,5,221.4407,,,33591.86,K몫 매수: 주식층 비중 3.6%
2025-03-27 09:30:00,AVGO,매수,7,177.7416,,,32346.8,K몫 매수: 주식층 비중 4.3%
2025-03-27 09:30:00,CRDO,매수,119,43.4917,,,27167.66,로테이션 매수: 126일 모멘텀 상위 2
2025-03-27 09:30:00,CRM,매수,4,280.6803,,,26044.15,K몫 매수: 주식층 비중 4.0%
2025-03-27 09:30:00,CRWD,매수,9,92.2386,,,25213.43,K몫 매수: 주식층 비중 2.8%
2025-03-27 09:30:00,DAVE,매수,57,90.5553,,,20048.16,로테이션 매수: 126일 모멘텀 상위 2
2025-03-27 09:30:00,FTNT,매수,48,100.4502,,,15223.18,K몫 매수: 주식층 비중 15.8%
2025-03-27 09:30:00,NET,매수,35,119.0595,,,11053.18,K몫 매수: 주식층 비중 13.5%
2025-03-27 09:30:00,PANW,매수,9,183.1415,,,9403.75,K몫 매수: 주식층 비중 5.8%
2025-03-27 09:30:00,SHOP,매수,41,102.3712,,,5203.6,K몫 매수: 주식층 비중 13.7%
2025-03-27 09:30:00,SNDK,매수,20,51.976,,,4163.35,K몫 매수: 주식층 비중 3.4%
2025-03-28 09:30:00,AAPL,매도,5,221.5382,-1.1,-0.099,5270.23,K몫 제외(주식층 비중 0)
2025-03-28 09:30:00,AVGO,매도,7,171.844,-43.03,-3.459,6472.26,K몫 제외(주식층 비중 0)
2025-03-28 09:30:00,CRDO,매도,119,41.8641,-200.95,-3.883,11450.45,로테이션 제외(모멘텀 순위 밖 또는 국면 0)
2025-03-28 09:30:00,CRM,매도,4,276.5716,-18.03,-1.606,12555.93,K몫 제외(주식층 비중 0)
2025-03-28 09:30:00,CRWD,매도,9,91.3293,-9.36,-1.128,13377.29,K몫 제외(주식층 비중 0)
2025-03-28 09:30:00,DAVE,매도,57,87.956,-155.43,-3.011,18387.12,로테이션 제외(모멘텀 순위 밖 또는 국면 0)
2025-03-28 09:30:00,FTNT,매도,48,99.0205,-75.47,-1.565,23136.63,K몫 제외(주식층 비중 0)
2025-03-28 09:30:00,NET,매도,35,117.2414,-69.55,-1.669,27237.09,K몫 제외(주식층 비중 0)
2025-03-28 09:30:00,PANW,매도,9,173.933,-85.17,-5.167,28801.34,K몫 제외(주식층 비중 0)
2025-03-28 09:30:00,SHOP,매도,41,99.1004,-140.0,-3.336,32861.49,K몫 제외(주식층 비중 0)
2025-03-28 09:30:00,SNDK,매도,20,52.1839,2.67,0.257,33904.41,K몫 제외(주식층 비중 0)
2025-03-31 09:30:00,AAPL,매수,4,217.3286,,,33034.48,K몫 매수: 주식층 비중 3.1%
2025-03-31 09:30:00,AVGO,매수,7,164.5672,,,31881.71,K몫 매수: 주식층 비중 3.8%
2025-03-31 09:30:00,CRDO,매수,97,38.5593,,,28138.84,K몫 매수: 주식층 비중 12.4%
2025-03-31 09:30:00,CRM,매수,3,264.6823,,,27344.24,K몫 매수: 주식층 비중 3.4%
2025-03-31 09:30:00,CRWD,매수,9,86.4895,,,26565.29,K몫 매수: 주식층 비중 2.6%
2025-03-31 09:30:00,DAVE,매수,62,81.0425,,,21537.13,로테이션 매수: 126일 모멘텀 상위 2
2025-03-31 09:30:00,FTNT,매수,48,94.6773,,,16989.44,K몫 매수: 주식층 비중 15.2%
2025-03-31 09:30:00,MRVL,매수,14,60.4052,,,16143.18,K몫 매수: 주식층 비중 3.0%
2025-03-31 09:30:00,NET,매수,46,110.3051,,,11065.59,로테이션 매수: 126일 모멘텀 상위 2
2025-03-31 09:30:00,NVDA,매수,10,105.1626,,,10013.23,K몫 매수: 주식층 비중 3.5%
2025-03-31 09:30:00,PANW,매수,8,169.8749,,,8653.28,K몫 매수: 주식층 비중 4.5%
2025-03-31 09:30:00,SHOP,매수,46,92.7764,,,4382.58,K몫 매수: 주식층 비중 14.2%
2025-03-31 09:30:00,SNDK,매수,21,47.4337,,,3385.77,K몫 매수: 주식층 비중 3.4%
2025-04-01 09:30:00,AAPL,매도,4,219.6951,8.22,0.945,4263.91,K몫 제외(주식층 비중 0)
2025-04-01 09:30:00,AVGO,매도,7,166.2868,10.38,0.901,5427.07,K몫 제외(주식층 비중 0)
2025-04-01 09:30:00,CRDO,매도,97,39.95,129.46,3.461,9299.39,K몫 제외(주식층 비중 0)
2025-04-01 09:30:00,CRM,매도,3,268.7256,10.99,1.383,10104.98,K몫 제외(주식층 비중 0)
2025-04-01 09:30:00,CRWD,매도,9,89.6901,27.67,3.555,10911.6,K몫 제외(주식층 비중 0)
2025-04-01 09:30:00,DAVE,매도,62,82.9185,109.04,2.17,16048.8,로테이션 제외(모멘텀 순위 밖 또는 국면 0)
2025-04-01 09:30:00,FTNT,매도,48,95.2823,22.52,0.496,20619.01,K몫 제외(주식층 비중 0)
2025-04-01 09:30:00,MRVL,매도,14,61.4593,13.54,1.601,21478.81,K몫 제외(주식층 비중 0)
2025-04-01 09:30:00,NET,매도,46,114.1079,167.54,3.302,26723.95,로테이션 제외(모멘텀 순위 밖 또는 국면 0)
2025-04-01 09:30:00,NVDA,매도,10,108.4782,31.63,3.008,27807.94,K몫 제외(주식층 비중 0)
2025-04-01 09:30:00,PANW,매도,8,168.4357,-13.45,-0.99,29154.44,K몫 제외(주식층 비중 0)
2025-04-01 09:30:00,SHOP,매도,46,95.8019,132.97,3.116,33558.11,K몫 제외(주식층 비중 0)
2025-04-01 09:30:00,SNDK,매도,21,47.5262,0.52,0.052,34555.43,K몫 제외(주식층 비중 0)
2025-04-16 09:30:00,CRDO,매수,140,36.9335,,,29381.13,로테이션 매수: 126일 모멘텀 상위 2
2025-04-16 09:30:00,CRWD,매수,83,96.5758,,,21359.73,K몫 매수: 주식층 비중 25.8%
2025-04-16 09:30:00,DAVE,매수,63,81.7308,,,16207.08,로테이션 매수: 126일 모멘텀 상위 2
2025-04-16 09:30:00,FTNT,매수,82,97.2486,,,8227.11,K몫 매수: 주식층 비중 25.8%
2025-04-16 09:30:00,NET,매수,73,109.0795,,,258.73,K몫 매수: 주식층 비중 25.8%
2025-04-21 09:30:00,AAPL,매수,1,193.4467,,,65.15,K몫 매수: 주식층 비중 2.6%
2025-04-21 09:30:00,SNDK,매수,2,31.0855,,,2.94,K몫 매수: 주식층 비중 3.4%
2025-04-24 09:30:00,AAPL,매도,1,204.7826,11.05,5.713,207.57,K몫 제외(주식층 비중 0)
2025-04-24 09:30:00,PANW,매수,1,169.5847,,,37.87,K몫 매수: 주식층 비중 10.8%
2025-04-25 09:30:00,SNDK,매도,2,32.2439,2.23,3.581,102.31,K몫 제외(주식층 비중 0)
2025-04-25 09:32:00,SHOP,매수,1,95.6111,,,6.63,K몫 매수: 주식층 비중 14.2%
2025-04-30 09:30:00,SHOP,매도,1,96.0869,0.34,0.354,102.65,K몫 제외(주식층 비중 0)
2025-04-30 09:30:00,SNDK,매수,3,31.8559,,,7.01,K몫 매수: 주식층 비중 4.6%
2025-05-01 09:30:00,NET,매도,73,125.6371,1196.44,15.025,9171.83,K몫 제외(주식층 비중 0)
2025-05-01 09:33:09,AVGO,매수,17,197.8259,,,5806.43,K몫 매수: 주식층 비중 9.5%
2025-05-02 09:30:00,CDNS,매수,3,306.5482,,,4886.15,K몫 매수: 주식층 비중 2.7%
2025-05-02 09:30:00,CRM,매수,4,274.5972,,,3786.99,K몫 매수: 주식층 비중 3.5%
2025-05-02 09:30:00,MSFT,매수,3,431.9258,,,2490.3,K몫 매수: 주식층 비중 4.6%
2025-05-02 09:30:00,NET,매수,9,125.1776,,,1362.92,K몫 매수: 주식층 비중 3.3%
2025-05-02 09:30:00,NOW,매수,6,195.8819,,,186.8,K몫 매수: 주식층 비중 3.7%
2025-05-02 09:30:00,SHOP,매수,1,98.2091,,,88.52,K몫 매수: 주식층 비중 13.6%
2025-05-06 15:59:59,FTNT,매도,82,107.1064,796.35,9.986,8864.84,실적 발표 전 청산
2025-05-06 15:59:59,SNDK,매도,3,33.7831,5.64,5.902,8966.12,실적 발표 전 청산
2025-05-07 15:59:59,DAVE,매도,63,107.976,1644.87,31.945,15763.64,실적 발표 전 청산
2025-05-07 15:59:59,SHOP,매도,1,94.4927,-3.85,-3.924,15858.06,실적 발표 전 청산
2025-05-07 15:59:59,NET,매도,9,121.5292,-34.42,-3.055,16951.02,실적 발표 전 청산
2025-05-08 09:30:00,AVGO,매도,17,207.896,166.26,4.944,20482.68,K몫 제외(주식층 비중 0)
2025-05-09 09:30:00,AVGO,매수,17,209.3646,,,16920.99,K몫 매수: 주식층 비중 9.7%
2025-05-09 09:30:00,DAVE,매수,40,152.9064,,,10800.45,로테이션 매수: 126일 모멘텀 상위 2
2025-05-09 09:30:00,SNDK,매수,32,37.979,,,9584.27,K몫 매수: 주식층 비중 3.4%
2025-05-12 09:30:00,STX,매수,15,100.1601,,,8080.82,K몫 매수: 주식층 비중 4.1%
2025-05-13 09:30:00,BTSG,매수,161,22.5113,,,4453.97,K몫 매수: 주식층 비중 9.4%
2025-05-13 09:30:00,KO,매수,16,69.6248,,,3339.19,K몫 매수: 주식층 비중 2.9%
2025-05-13 09:30:00,LRCX,매수,9,82.4012,,,2597.06,K몫 매수: 주식층 비중 2.1%
2025-05-14 09:30:00,MU,매수,9,96.3482,,,1729.32,K몫 매수: 주식층 비중 2.2%
2025-05-14 09:30:00,NVDA,매수,7,133.2366,,,796.01,K몫 매수: 주식층 비중 2.4%
2025-05-14 09:30:00,ORCL,매수,4,162.4412,,,145.79,K몫 매수: 주식층 비중 2.5%
2025-05-14 09:30:00,WDC,매수,2,48.8544,,,48.02,K몫 매수: 주식층 비중 2.4%
2025-05-19 09:30:00,CRDO,매도,140,57.2014,2828.04,54.694,8050.37,로테이션 제외(모멘텀 순위 밖 또는 국면 0)
2025-05-19 09:30:00,RL,매수,13,271.9259,,,4512.85,K몫 매수: 주식층 비중 9.2%
2025-05-19 09:36:29,CRDO,매수,72,57.3497,,,380.78,K몫 매수: 주식층 비중 10.4%
2025-05-19 15:59:59,PANW,매도,1,194.2128,24.37,14.369,574.85,실적 발표 전 청산
2025-05-20 09:30:00,TSLA,매수,1,348.114,,,226.5,K몫 매수: 주식층 비중 8.1%
2025-05-21 15:59:59,RL,매도,13,273.963,21.41,0.606,3785.41,실적 발표 전 청산
2025-05-22 09:30:00,PANW,매수,5,183.1015,,,2869.27,K몫 매수: 주식층 비중 2.5%
2025-05-27 15:59:59,NVDA,매도,7,135.4223,13.95,1.496,3816.53,실적 발표 전 청산
2025-05-27 15:59:59,CRM,매도,4,277.1014,8.44,0.768,4924.13,실적 발표 전 청산
2025-05-29 09:30:00,MU,매도,9,98.4707,17.85,2.058,5809.72,K몫 제외(주식층 비중 0)
2025-05-29 09:30:00,RL,매수,8,285.6728,,,3522.73,K몫 매수: 주식층 비중 5.8%
2025-05-30 09:30:00,AVGO,매도,17,241.0944,533.92,15.001,7618.35,K몫 제외(주식층 비중 0)
2025-05-30 09:30:00,CDNS,매도,3,284.2878,-68.05,-7.399,8470.59,K몫 제외(주식층 비중 0)
2025-05-30 09:30:00,CRDO,매도,72,62.6786,377.5,9.142,12980.16,K몫 제외(주식층 비중 0)
2025-05-30 09:30:00,LRCX,매도,9,83.6282,9.97,1.345,13732.26,K몫 제외(주식층 비중 0)
2025-05-30 09:30:00,SNDK,매도,32,38.1709,4.4,0.362,14952.84,K몫 제외(주식층 비중 0)
2025-06-02 09:30:00,NET,매수,26,165.0825,,,10657.69,K몫 매수: 주식층 비중 10.6%
2025-06-02 09:30:00,SHOP,매수,9,106.3081,,,9700.24,K몫 매수: 주식층 비중 2.3%
2025-06-02 15:59:59,CRWD,매도,83,119.7326,1909.15,23.817,19630.8,실적 발표 전 청산
2025-06-04 09:30:00,CRDO,매수,47,72.8264,,,16205.56,K몫 매수: 주식층 비중 8.2%
2025-06-04 09:30:00,CRWD,매수,62,113.7443,,,9148.47,로테이션 매수: 126일 모멘텀 상위 2
2025-06-04 09:30:00,MU,매수,8,102.4212,,,8328.53,K몫 매수: 주식층 비중 2.1%
2025-06-04 09:30:00,NVDA,매수,7,142.2911,,,7331.8,K몫 매수: 주식층 비중 2.4%
2025-06-04 09:30:00,SNDK,매수,25,38.6593,,,6364.64,K몫 매수: 주식층 비중 2.3%
2025-06-10 15:59:59,ORCL,매도,4,177.4312,58.99,9.078,7073.84,실적 발표 전 청산
2025-06-11 09:30:00,AVGO,매수,17,246.4782,,,2880.78,K몫 매수: 주식층 비중 9.7%
2025-06-13 09:30:00,ORCL,매수,4,201.6808,,,2073.49,K몫 매수: 주식층 비중 2.2%
2025-06-23 09:30:00,CRWD,매도,62,117.5066,223.01,3.162,9353.59,로테이션 제외(모멘텀 순위 밖 또는 국면 0)
2025-06-23 09:35:27,CRWD,매수,45,116.9675,,,4086.36,K몫 매수: 주식층 비중 12.2%
2025-06-24 15:59:59,MU,매도,8,127.8061,201.76,24.624,5108.07,실적 발표 전 청산
2025-06-30 09:30:00,MU,매수,7,124.9374,,,4232.89,K몫 매수: 주식층 비중 2.0%
2025-07-08 09:30:00,AMD,매수,7,137.4037,,,3270.39,K몫 매수: 주식층 비중 2.2%
2025-07-08 09:30:00,CRM,매수,5,270.9254,,,1914.82,K몫 매수: 주식층 비중 2.9%
2025-07-08 09:30:00,DDOG,매수,10,144.7924,,,465.88,K몫 매수: 주식층 비중 3.1%
2025-07-08 09:30:00,FTNT,매수,4,107.0235,,,37.49,K몫 매수: 주식층 비중 3.3%
2025-07-08 09:30:00,INTC,매수,1,22.1911,,,15.28,K몫 매수: 주식층 비중 3.3%
2025-07-15 09:30:00,PANW,매도,5,190.6147,36.23,3.957,967.66,K몫 제외(주식층 비중 0)
2025-07-15 09:32:43,MRVL,매수,13,73.8602,,,6.8,K몫 매수: 주식층 비중 3.8%
2025-07-21 15:59:59,KO,매도,16,70.1049,6.08,0.546,1127.66,실적 발표 전 청산
2025-07-22 09:30:00,CDNS,매수,3,317.6988,,,173.9,K몫 매수: 주식층 비중 2.5%
2025-07-22 09:30:00,LRCX,매수,1,101.0505,,,72.78,K몫 매수: 주식층 비중 3.3%
2025-07-22 15:59:59,NOW,매도,6,192.3958,-22.58,-1.921,1226.31,실적 발표 전 청산
2025-07-22 15:59:59,TSLA,매도,1,331.9139,-16.69,-4.793,1557.98,실적 발표 전 청산
2025-07-23 09:30:00,META,매수,2,706.7182,,,143.56,K몫 매수: 주식층 비중 3.3%
2025-07-23 15:59:59,INTC,매도,1,23.4783,1.25,5.653,167.02,실적 발표 전 청산
2025-07-25 15:59:59,CDNS,매도,3,331.9939,41.49,4.353,1162.27,실적 발표 전 청산
2025-07-28 09:30:00,GOOGL,매수,5,193.7568,,,192.81,K몫 매수: 주식층 비중 2.5%
2025-07-28 15:59:59,STX,매도,15,150.4148,751.12,49.995,2447.38,실적 발표 전 청산
2025-07-29 15:59:59,META,매도,2,699.65,-16.15,-1.142,3845.66,실적 발표 전 청산
2025-07-29 15:59:59,MSFT,매도,3,512.6935,240.27,18.543,5382.62,실적 발표 전 청산
2025-07-29 15:59:59,WDC,매도,2,70.5747,43.27,44.284,5523.67,실적 발표 전 청산
2025-07-29 15:59:59,LRCX,매도,1,98.8805,-2.31,-2.289,5622.47,실적 발표 전 청산
2025-07-30 09:30:00,CRM,매도,5,266.7316,-22.89,-1.69,6955.16,K몫 제외(주식층 비중 0)
2025-07-30 09:30:00,SHOP,매도,9,123.7481,155.48,16.25,8068.08,K몫 제외(주식층 비중 0)
2025-07-30 15:59:59,NET,매도,26,200.8495,923.13,21.507,13286.35,실적 발표 전 청산
2025-07-31 09:30:00,DDOG,매도,10,142.6786,-23.19,-1.602,14712.1,K몫 제외(주식층 비중 0)
2025-07-31 09:30:00,ORCL,매도,4,254.9325,211.7,26.242,15731.08,K몫 제외(주식층 비중 0)
2025-07-31 15:59:59,BTSG,매도,161,20.6547,-303.87,-8.384,19054.06,실적 발표 전 청산
2025-08-01 09:30:00,CDNS,매수,3,358.179,,,17978.77,K몫 매수: 주식층 비중 2.5%
2025-08-01 09:30:00,LRCX,매수,15,92.7964,,,16585.85,K몫 매수: 주식층 비중 3.1%
2025-08-01 09:30:00,META,매수,1,761.0053,,,15824.31,K몫 매수: 주식층 비중 3.2%
2025-08-01 09:30:00,MSFT,매수,3,535.5827,,,14216.44,K몫 매수: 주식층 비중 4.0%
2025-08-01 09:30:00,NET,매수,39,198.7593,,,6459.4,로테이션 매수: 126일 모멘텀 상위 2
2025-08-01 09:30:00,NOW,매수,9,187.5517,,,4770.25,K몫 매수: 주식층 비중 4.0%
2025-08-01 09:30:00,SHOP,매수,16,118.4592,,,2873.58,K몫 매수: 주식층 비중 4.2%
2025-08-04 09:30:00,DDOG,매수,16,137.4587,,,672.7,K몫 매수: 주식층 비중 4.7%
2025-08-04 09:30:00,ORCL,매수,2,246.0229,,,180.31,K몫 매수: 주식층 비중 4.0%
2025-08-04 09:30:00,STX,매수,1,157.6968,,,22.5,K몫 매수: 주식층 비중 4.7%
2025-08-04 15:59:59,AMD,매도,7,176.6816,273.37,28.422,1258.37,실적 발표 전 청산
2025-08-05 09:30:00,PANW,매수,7,171.7658,,,55.17,K몫 매수: 주식층 비중 4.2%
2025-08-05 15:59:59,FTNT,매도,4,96.1519,-44.07,-10.294,439.49,실적 발표 전 청산
2025-08-05 15:59:59,DAVE,매도,40,239.1804,3439.69,56.239,9999.72,실적 발표 전 청산
2025-08-05 15:59:59,SHOP,매도,16,127.0564,134.75,7.109,12031.14,실적 발표 전 청산
2025-08-06 15:59:59,DDOG,매도,16,136.9715,-10.93,-0.497,14221.09,실적 발표 전 청산
2025-08-06 15:59:59,RL,매도,8,302.9085,134.52,5.886,16642.59,실적 발표 전 청산
2025-08-07 09:30:00,DAVE,매수,40,202.011,,,8556.49,로테이션 매수: 126일 모멘텀 상위 2
2025-08-07 09:30:00,NEM,매수,42,68.4942,,,5677.72,K몫 매수: 주식층 비중 5.9%
2025-08-07 09:30:00,SHOP,매수,24,154.5372,,,1966.23,K몫 매수: 주식층 비중 7.9%
2025-08-08 09:30:00,DDOG,매수,8,136.6583,,,872.2,K몫 매수: 주식층 비중 2.3%
2025-08-08 09:30:00,PANW,매도,7,168.8056,-22.43,-1.865,2052.97,K몫 제외(주식층 비중 0)
2025-08-08 09:30:00,WDC,매수,15,74.9675,,,927.68,K몫 매수: 주식층 비중 2.4%
2025-08-11 09:30:00,PANW,매수,5,167.2836,,,90.67,K몫 매수: 주식층 비중 2.1%
2025-08-13 09:30:00,DDOG,매도,8,129.5852,-58.11,-5.315,1126.6,K몫 제외(주식층 비중 0)
2025-08-13 15:59:59,SNDK,매도,25,46.9465,205.65,21.278,2299.4,실적 발표 전 청산
2025-08-14 09:30:00,PANW,매도,5,176.9115,46.91,5.608,3183.31,K몫 제외(주식층 비중 0)
2025-08-15 09:30:00,AVGO,매도,17,310.8845,1088.12,25.969,8464.49,K몫 제외(주식층 비중 0)
2025-08-15 09:30:00,CRDO,매도,47,116.6317,2052.45,59.963,13942.18,K몫 제외(주식층 비중 0)
2025-08-15 09:30:00,LRCX,매도,15,104.6227,175.27,12.592,15510.37,K몫 제외(주식층 비중 0)
2025-08-15 09:30:00,MRVL,매도,13,79.3803,70.34,7.325,16541.56,K몫 제외(주식층 비중 0)
2025-08-15 09:30:00,MU,매도,7,122.4687,-18.52,-2.118,17398.22,K몫 제외(주식층 비중 0)
2025-08-15 09:30:00,NVDA,매도,7,181.6691,274.02,27.511,18668.97,K몫 제외(주식층 비중 0)
2025-08-18 09:30:00,AVGO,매수,16,302.4311,,,13826.69,K몫 매수: 주식층 비중 10.1%
2025-08-18 09:30:00,CRDO,매수,41,116.3582,,,9052.67,K몫 매수: 주식층 비중 10.1%
2025-08-18 09:30:00,MU,매수,9,121.4107,,,7959.2,K몫 매수: 주식층 비중 2.4%
2025-08-18 09:30:00,NVDA,매수,5,180.7403,,,7054.87,K몫 매수: 주식층 비중 2.1%
2025-08-18 09:30:00,SNDK,매수,24,44.2721,,,5991.6,K몫 매수: 주식층 비중 2.2%
2025-08-22 09:30:00,NOW,매도,9,175.5802,-110.08,-6.521,7570.66,K몫 제외(주식층 비중 0)
2025-08-26 09:30:00,LRCX,매수,41,101.3507,,,3412.38,K몫 매수: 주식층 비중 8.9%
2025-08-26 15:59:59,NVDA,매도,5,181.6091,3.05,0.337,4319.76,실적 발표 전 청산
2025-08-26 15:59:59,CRWD,매도,45,104.2853,-577.81,-10.978,9009.17,실적 발표 전 청산
2025-08-27 09:30:00,RL,매수,5,296.7183,,,7524.54,K몫 매수: 주식층 비중 3.5%
2025-08-29 09:30:00,AVGO,매도,16,306.8565,63.83,1.319,12430.66,K몫 제외(주식층 비중 0)
2025-08-29 09:30:00,CRDO,매도,41,130.6396,578.29,12.122,17782.98,K몫 제외(주식층 비중 0)
2025-08-29 09:30:00,CRWD,매수,10,111.2719,,,16669.48,K몫 매수: 주식층 비중 2.3%
2025-08-29 09:30:00,LRCX,매도,41,101.5998,4.26,0.103,20832.03,K몫 제외(주식층 비중 0)
2025-08-29 09:30:00,MU,매도,9,122.5787,8.94,0.818,21934.44,K몫 제외(주식층 비중 0)
2025-08-29 09:30:00,SNDK,매도,24,51.1244,162.82,15.323,23160.53,K몫 제외(주식층 비중 0)
2025-09-02 09:30:00,AMD,매수,6,157.5787,,,22214.39,K몫 매수: 주식층 비중 2.1%
2025-09-02 09:30:00,AVGO,매수,18,287.6988,,,17032.19,K몫 매수: 주식층 비중 11.0%
2025-09-03 15:59:59,AVGO,매도,18,302.2388,254.12,4.907,22468.52,실적 발표 전 청산
2025-09-05 09:30:00,AMD,매도,6,157.0414,-4.57,-0.484,23410.08,K몫 제외(주식층 비중 0)
2025-09-08 09:30:00,AMD,매수,6,151.8759,,,22498.18,K몫 매수: 주식층 비중 2.1%
2025-09-08 09:30:00,AVGO,매수,15,343.1415,,,17347.46,K몫 매수: 주식층 비중 11.0%
2025-09-08 09:30:00,CRDO,매수,41,144.3091,,,11426.64,K몫 매수: 주식층 비중 12.1%
2025-09-08 09:30:00,NET,매도,39,216.5916,683.87,8.822,19867.55,로테이션 제외(모멘텀 순위 밖 또는 국면 0)
2025-09-08 09:35:13,NET,매수,28,216.4949,,,13801.45,K몫 매수: 주식층 비중 12.2%
2025-09-08 15:59:59,ORCL,매도,2,238.4007,-15.94,-3.239,14277.9,실적 발표 전 청산
2025-09-09 09:30:00,SNDK,매수,63,70.2951,,,9846.21,K몫 매수: 주식층 비중 8.9%
2025-09-10 09:30:00,NVDA,매수,5,176.7383,,,8961.9,K몫 매수: 주식층 비중 2.0%
2025-09-15 09:30:00,CDNS,매도,3,342.7385,-47.82,-4.451,9989.37,K몫 제외(주식층 비중 0)
2025-09-19 09:30:00,MU,매수,7,162.8314,,,8848.75,K몫 매수: 주식층 비중 2.1%
2025-09-22 15:59:59,MU,매도,7,164.4977,10.03,0.88,9999.39,실적 발표 전 청산
2025-09-25 09:30:00,MU,매수,6,157.4687,,,9053.92,K몫 매수: 주식층 비중 2.0%
2025-09-30 09:30:00,GOOGL,매도,5,242.861,243.96,25.182,10267.34,K몫 제외(주식층 비중 0)
2025-09-30 09:30:00,META,매도,1,741.1293,-20.95,-2.753,11007.93,K몫 제외(주식층 비중 0)
2025-09-30 09:30:00,NEM,매도,42,83.5282,626.85,21.79,14513.55,K몫 제외(주식층 비중 0)
2025-09-30 09:30:00,RL,매도,5,312.2438,75.45,5.086,16073.63,K몫 제외(주식층 비중 0)
2025-10-09 09:30:00,AMD,매도,6,236.0869,503.59,55.264,17489.12,K몫 제외(주식층 비중 0)
2025-10-09 09:30:00,AVGO,매도,15,346.1757,38.12,0.741,22677.96,K몫 제외(주식층 비중 0)
2025-10-09 09:30:00,CRDO,매도,41,145.4972,40.22,0.68,28638.99,K몫 제외(주식층 비중 0)
2025-10-09 09:30:00,CRWD,매도,10,127.4238,159.81,14.362,29912.3,K몫 제외(주식층 비중 0)
2025-10-09 09:30:00,DAVE,매도,40,208.0959,231.66,2.867,38230.06,로테이션 제외(모멘텀 순위 밖 또는 국면 0)
2025-10-09 09:30:00,MSFT,매도,3,522.0739,-42.79,-2.663,39795.14,K몫 제외(주식층 비중 0)
2025-10-09 09:30:00,MU,매도,6,192.8685,210.89,22.321,40951.5,K몫 제외(주식층 비중 0)
2025-10-09 09:30:00,NET,매도,28,218.6506,51.65,0.852,47069.25,K몫 제외(주식층 비중 0)
2025-10-09 09:30:00,NVDA,매도,5,192.1839,75.91,8.59,48029.47,K몫 제외(주식층 비중 0)
2025-10-09 09:30:00,SHOP,매도,24,166.6117,284.27,7.665,52025.23,K몫 제외(주식층 비중 0)
2025-10-09 09:30:00,SNDK,매도,63,126.9365,3559.47,80.375,60016.39,K몫 제외(주식층 비중 0)
2025-10-09 09:30:00,STX,매도,1,223.7081,65.74,41.686,60239.94,K몫 제외(주식층 비중 0)
2025-10-09 09:30:00,WDC,매도,15,119.8301,670.84,59.656,62036.08,K몫 제외(주식층 비중 0)
2025-10-14 09:30:00,AVGO,매수,3,350.3001,,,60984.44,K몫 매수: 주식층 비중 2.2%
2025-10-14 09:30:00,CRDO,매수,64,143.9349,,,51766.16,로테이션 매수: 126일 모멘텀 상위 2
2025-10-14 09:30:00,DAVE,매수,46,198.099,,,42647.22,로테이션 매수: 126일 모멘텀 상위 2
2025-10-14 09:30:00,LRCX,매수,9,134.3777,,,41436.98,K몫 매수: 주식층 비중 2.4%
2025-10-14 09:30:00,MSFT,매수,2,510.1049,,,40416.05,K몫 매수: 주식층 비중 2.4%
2025-10-14 09:30:00,NEM,매수,69,87.7438,,,34357.49,K몫 매수: 주식층 비중 10.9%
2025-10-14 09:30:00,NVDA,매수,6,184.8724,,,33247.48,K몫 매수: 주식층 비중 2.2%
2025-10-14 09:30:00,ORCL,매수,4,303.7218,,,32031.74,K몫 매수: 주식층 비중 2.3%
2025-10-14 09:30:00,SHOP,매수,8,148.1891,,,30845.4,K몫 매수: 주식층 비중 2.3%
2025-10-14 09:30:00,SNDK,매수,58,123.4017,,,23683.09,K몫 매수: 주식층 비중 13.0%
2025-10-14 09:30:00,STX,매수,33,215.5978,,,16563.39,K몫 매수: 주식층 비중 13.0%
2025-10-14 09:30:00,WDC,매수,62,116.8584,,,9313.09,K몫 매수: 주식층 비중 13.0%
2025-10-15 09:30:00,NET,매수,5,221.1005,,,8206.82,K몫 매수: 주식층 비중 2.0%
2025-10-16 09:30:00,AVGO,매도,3,356.5217,17.15,1.632,9275.6,K몫 제외(주식층 비중 0)
2025-10-16 09:30:00,CRDO,매도,64,133.933,-652.83,-7.087,17841.06,로테이션 제외(모멘텀 순위 밖 또는 국면 0)
2025-10-16 09:30:00,DAVE,매도,46,223.928,1174.23,12.886,28134.22,로테이션 제외(모멘텀 순위 밖 또는 국면 0)
2025-10-16 09:30:00,LRCX,매도,9,147.3463,114.9,9.501,29459.37,K몫 제외(주식층 비중 0)
2025-10-16 09:30:00,MSFT,매도,2,512.4736,3.28,0.321,30483.57,K몫 제외(주식층 비중 0)
2025-10-16 09:30:00,NEM,매도,69,94.9925,491.13,8.112,37033.27,K몫 제외(주식층 비중 0)
2025-10-16 09:30:00,NET,매도,5,218.6706,-13.72,-1.241,38125.82,K몫 제외(주식층 비중 0)
2025-10-16 09:30:00,NVDA,매도,6,182.0989,-18.21,-1.642,39217.62,K몫 제외(주식층 비중 0)
2025-10-16 09:30:00,ORCL,매도,4,305.4472,5.16,0.425,40438.52,K몫 제외(주식층 비중 0)
2025-10-16 09:30:00,SHOP,매도,8,163.7781,122.93,10.369,41747.78,K몫 제외(주식층 비중 0)
2025-10-16 09:30:00,SNDK,매도,58,145.927,1295.28,18.097,50205.37,K몫 제외(주식층 비중 0)
2025-10-16 09:30:00,STX,매도,33,223.888,263.2,3.699,57588.28,K몫 제외(주식층 비중 0)
2025-10-16 09:30:00,WDC,매도,62,123.2754,387.2,5.344,65225.78,K몫 제외(주식층 비중 0)
2025-10-17 09:30:00,AVGO,매수,3,349.8248,,,64175.57,K몫 매수: 주식층 비중 2.2%
2025-10-17 09:30:00,CRDO,매수,73,132.5662,,,54491.46,로테이션 매수: 126일 모멘텀 상위 2
2025-10-17 09:30:00,DAVE,매수,47,208.104,,,44703.72,로테이션 매수: 126일 모멘텀 상위 2
2025-10-17 09:30:00,LRCX,매수,9,141.3456,,,43430.72,K몫 매수: 주식층 비중 2.4%
2025-10-17 09:30:00,MSFT,매수,2,509.2945,,,42411.42,K몫 매수: 주식층 비중 2.4%
2025-10-17 09:30:00,NVDA,매수,7,179.9499,,,41150.89,K몫 매수: 주식층 비중 2.2%
2025-10-17 09:30:00,ORCL,매수,4,303.9019,,,39934.43,K몫 매수: 주식층 비중 2.3%
2025-10-17 09:30:00,SHOP,매수,8,155.9579,,,38685.89,K몫 매수: 주식층 비중 2.3%
2025-10-17 09:30:00,SNDK,매수,54,139.2397,,,31161.69,K몫 매수: 주식층 비중 13.0%
2025-10-17 09:30:00,STX,매수,34,221.2005,,,23635.61,K몫 매수: 주식층 비중 13.1%
2025-10-17 09:30:00,WDC,매수,61,125.2326,,,15991.07,K몫 매수: 주식층 비중 13.1%
2025-10-21 15:59:59,LRCX,매도,9,144.9225,30.35,2.386,17294.42,실적 발표 전 청산
2025-10-22 09:30:00,NET,매수,21,212.026,,,12838.76,K몫 매수: 주식층 비중 7.6%
2025-10-24 09:30:00,AVGO,매도,3,352.4487,6.37,0.607,13895.33,K몫 제외(주식층 비중 0)
2025-10-24 09:30:00,NVDA,매도,7,183.7431,24.73,1.963,15180.6,K몫 제외(주식층 비중 0)
2025-10-24 09:30:00,SNDK,매도,54,174.1129,1871.03,24.884,24575.83,K몫 제외(주식층 비중 0)
2025-10-27 09:30:00,LRCX,매수,9,156.1881,,,23169.15,K몫 매수: 주식층 비중 2.2%
2025-10-27 09:30:00,MRVL,매수,16,86.123,,,21790.22,K몫 매수: 주식층 비중 2.2%
2025-10-27 09:30:00,SNDK,매수,40,191.8904,,,14109.23,K몫 매수: 주식층 비중 11.9%
2025-10-27 15:59:59,STX,매도,34,230.2148,295.51,3.929,21930.82,실적 발표 전 청산
2025-10-28 09:30:00,AVGO,매수,3,362.8113,,,20841.62,K몫 매수: 주식층 비중 2.0%
2025-10-28 09:30:00,MU,매수,22,219.0094,,,16020.04,K몫 매수: 주식층 비중 7.6%
2025-10-28 15:59:59,MSFT,매도,2,541.739,63.39,6.223,17102.73,실적 발표 전 청산
2025-10-29 09:30:00,AVGO,매도,3,373.0134,29.03,2.667,18220.95,K몫 제외(주식층 비중 0)
2025-10-29 09:30:00,CRDO,매도,73,165.867,2415.34,24.959,30320.41,로테이션 제외(모멘텀 순위 밖 또는 국면 0)
2025-10-29 09:30:00,DAVE,매도,47,247.7061,1845.95,18.873,41954.1,로테이션 제외(모멘텀 순위 밖 또는 국면 0)
2025-10-29 09:30:00,LRCX,매도,9,158.1709,15.82,1.126,43376.59,K몫 제외(주식층 비중 0)
2025-10-29 09:30:00,MRVL,매도,16,90.3048,64.89,4.709,44820.42,K몫 제외(주식층 비중 0)
2025-10-29 09:30:00,MU,매도,22,229.82,230.77,4.79,49872.77,K몫 제외(주식층 비중 0)
2025-10-29 09:30:00,NET,매도,21,224.5377,256.19,5.754,54584.62,K몫 제외(주식층 비중 0)
2025-10-29 09:30:00,ORCL,매도,4,281.3193,-92.0,-7.568,55709.07,K몫 제외(주식층 비중 0)
2025-10-29 09:30:00,SHOP,매도,8,180.0549,190.85,15.297,57148.46,K몫 제외(주식층 비중 0)
2025-10-29 09:30:00,SNDK,매도,40,186.5267,-225.37,-2.936,64604.08,K몫 제외(주식층 비중 0)
2025-10-29 09:30:00,WDC,매도,61,131.3643,362.84,4.75,72611.45,K몫 제외(주식층 비중 0)
2025-11-06 09:30:00,WDC,매수,68,160.07,,,61719.07,로테이션 매수: 126일 모멘텀 상위 2
2025-11-07 09:30:00,SNDK,매수,52,208.104,,,50890.09,로테이션 매수: 126일 모멘텀 상위 2
2025-11-10 09:30:00,BTSG,매수,50,33.4467,,,49216.58,K몫 매수: 주식층 비중 2.5%
2025-11-10 09:30:00,MNST,매수,65,34.9325,,,46944.38,K몫 매수: 주식층 비중 3.4%
2025-11-10 09:30:00,RL,매수,4,329.5047,,,45625.44,K몫 매수: 주식층 비중 2.1%
2025-11-10 09:30:00,ROST,매수,8,161.3907,,,44333.41,K몫 매수: 주식층 비중 2.1%
2025-11-12 09:30:00,AMGN,매수,4,338.8093,,,42977.23,K몫 매수: 주식층 비중 2.4%
2025-11-14 09:30:00,LLY,매수,1,1009.5045,,,41967.02,K몫 매수: 주식층 비중 2.9%
2025-11-18 09:30:00,MU,매수,9,235.4377,,,39846.59,K몫 매수: 주식층 비중 3.2%
2025-11-18 09:30:00,STX,매수,9,255.3276,,,37547.04,K몫 매수: 주식층 비중 3.6%
2025-11-19 09:30:00,DDOG,매수,7,176.4113,,,36311.29,K몫 매수: 주식층 비중 2.0%
2025-11-19 09:30:00,GOOGL,매수,12,287.4537,,,32859.43,K몫 매수: 주식층 비중 5.4%
2025-11-19 09:30:00,NET,매수,7,197.0985,,,31478.78,K몫 매수: 주식층 비중 2.3%
2025-11-19 09:30:00,ORCL,매수,6,219.1695,,,30162.84,K몫 매수: 주식층 비중 2.3%
2025-11-19 15:59:59,ROST,매도,8,160.4198,-9.61,-0.744,31445.26,실적 발표 전 청산
2025-11-20 09:30:00,MSFT,매수,3,492.9563,,,29965.36,K몫 매수: 주식층 비중 2.8%
2025-11-20 09:30:00,RL,매도,4,335.832,23.41,1.776,31307.71,K몫 제외(주식층 비중 0)
2025-11-21 09:30:00,LRCX,매수,9,139.3646,,,30052.55,K몫 매수: 주식층 비중 2.1%
2025-11-21 09:30:00,MDB,매수,4,326.9034,,,28744.02,K몫 매수: 주식층 비중 2.2%
2025-11-21 09:30:00,MRVL,매수,18,76.8284,,,27360.14,K몫 매수: 주식층 비중 2.3%
2025-11-24 09:30:00,CRDO,매수,49,137.1085,,,20637.12,K몫 매수: 주식층 비중 10.7%
2025-11-24 09:30:00,INTC,매수,36,35.0125,,,19375.79,K몫 매수: 주식층 비중 2.0%
2025-12-01 09:30:00,SHIP,매수,194,10.5053,,,17336.34,K몫 매수: 주식층 비중 3.0%
2025-12-01 09:30:00,TSLA,매수,5,425.5627,,,15207.04,K몫 매수: 주식층 비중 3.6%
2025-12-01 15:59:59,MDB,매도,4,328.6856,5.25,0.402,16520.82,실적 발표 전 청산
2025-12-01 15:59:59,MRVL,매도,18,91.0644,254.08,18.373,18158.78,실적 발표 전 청산
2025-12-01 15:59:59,CRDO,매도,49,171.7941,1688.74,25.136,26570.55,실적 발표 전 청산
2025-12-02 09:30:00,PEP,매수,9,149.5747,,,25223.43,K몫 매수: 주식층 비중 2.1%
2025-12-03 09:30:00,INTC,매도,36,43.3783,299.15,23.733,26783.91,K몫 제외(주식층 비중 0)
2025-12-03 09:30:00,LRCX,매도,9,157.0314,157.09,12.524,28196.16,K몫 제외(주식층 비중 0)
2025-12-03 09:30:00,MU,매도,9,236.3418,5.1,0.241,30321.69,K몫 제외(주식층 비중 0)
2025-12-04 09:30:00,CRDO,매수,36,187.2736,,,23575.12,K몫 매수: 주식층 비중 10.2%
2025-12-04 09:30:00,MRVL,매수,13,99.4597,,,22281.24,K몫 매수: 주식층 비중 2.0%
2025-12-04 09:30:00,MU,매수,6,230.125,,,20899.52,K몫 매수: 주식층 비중 2.2%
2025-12-09 09:30:00,SHOP,매수,9,158.4892,,,19472.12,K몫 매수: 주식층 비중 2.3%
2025-12-09 15:59:59,ORCL,매도,6,221.5292,12.27,0.933,20800.32,실적 발표 전 청산
2025-12-10 09:30:00,DAVE,매수,24,193.5167,,,16152.67,K몫 매수: 주식층 비중 7.0%
2025-12-12 09:30:00,MDB,매수,13,418.0489,,,10714.23,K몫 매수: 주식층 비중 8.2%
2025-12-15 09:30:00,MSFT,매도,3,479.86,-41.38,-2.798,12152.76,K몫 제외(주식층 비중 0)
2025-12-16 15:59:59,MU,매도,6,232.4737,12.11,0.877,13546.58,실적 발표 전 청산
2025-12-19 09:30:00,AMGN,매도,4,325.3972,-55.55,-4.099,14847.22,K몫 제외(주식층 비중 0)
2025-12-19 09:30:00,BTSG,매도,50,36.4917,149.75,8.954,16670.48,K몫 제외(주식층 비중 0)
2025-12-19 09:30:00,CRDO,매도,36,142.6087,-1616.4,-23.976,21800.64,K몫 제외(주식층 비중 0)
2025-12-19 09:30:00,DAVE,매도,24,212.5936,450.87,9.708,26899.17,K몫 제외(주식층 비중 0)
2025-12-19 09:30:00,DDOG,매도,7,138.7706,-265.06,-21.464,27869.85,K몫 제외(주식층 비중 0)
2025-12-19 09:30:00,GOOGL,매도,12,301.6491,165.29,4.792,31487.0,K몫 제외(주식층 비중 0)
2025-12-19 09:30:00,LLY,매도,1,1058.4805,47.5,4.705,32544.7,K몫 제외(주식층 비중 0)
2025-12-19 09:30:00,MNST,매도,65,37.4513,160.36,7.062,34977.26,K몫 제외(주식층 비중 0)
2025-12-19 09:30:00,MRVL,매도,13,84.2629,-199.26,-15.411,36071.88,K몫 제외(주식층 비중 0)
2025-12-19 09:30:00,NET,매도,7,194.4027,-20.83,-1.51,37431.7,K몫 제외(주식층 비중 0)
2025-12-19 09:30:00,PEP,매도,9,148.9855,-7.22,-0.537,38771.59,K몫 제외(주식층 비중 0)
2025-12-19 09:30:00,SHIP,매도,194,9.6352,-171.58,-8.419,40639.45,K몫 제외(주식층 비중 0)
2025-12-19 09:30:00,SHOP,매도,9,167.2663,76.9,5.391,42143.75,K몫 제외(주식층 비중 0)
2025-12-19 09:30:00,TSLA,매도,5,488.2957,310.39,14.587,44583.45,K몫 제외(주식층 비중 0)
2025-12-23 09:30:00,MDB,매도,13,438.2908,255.18,4.695,50277.07,K몫 제외(주식층 비중 0)
2025-12-23 09:30:00,MU,매수,61,275.8428,,,33438.88,K몫 매수: 주식층 비중 24.5%
2025-12-26 09:30:00,STX,매도,9,288.5457,295.46,12.857,36033.89,K몫 제외(주식층 비중 0)
2026-01-13 09:30:00,BTSG,매수,207,39.2496,,,27903.54,K몫 매수: 주식층 비중 9.9%
2026-01-13 09:30:00,GOOGL,매수,24,335.1175,,,19855.09,K몫 매수: 주식층 비중 9.9%
2026-01-13 09:30:00,INCY,매수,76,106.6133,,,11746.81,K몫 매수: 주식층 비중 9.9%
2026-01-15 09:30:00,MU,매도,61,345.4072,4216.27,25.057,32801.26,K몫 제외(주식층 비중 0)
2026-01-21 09:30:00,MU,매수,67,373.0564,,,7788.99,K몫 매수: 주식층 비중 29.6%
2026-01-22 09:30:00,STX,매수,22,350.635,,,69.62,K몫 매수: 주식층 비중 19.5%
2026-01-23 09:30:00,GOOGL,매도,24,332.3187,-78.62,-0.978,8039.44,K몫 제외(주식층 비중 0)
2026-01-23 09:30:00,INCY,매도,76,104.2878,-188.19,-2.323,15959.53,K몫 제외(주식층 비중 0)
2026-01-26 15:59:59,STX,매도,22,357.9309,149.36,1.936,23828.26,실적 발표 전 청산
2026-01-28 09:30:00,GOOGL,매수,20,335.8578,,,17106.41,K몫 매수: 주식층 비중 7.4%
2026-01-28 09:30:00,SHIP,매수,658,10.4052,,,10254.99,K몫 매수: 주식층 비중 7.4%
2026-01-28 15:59:59,SNDK,매도,52,527.706,16591.7,153.323,37675.67,실적 발표 전 청산
2026-01-28 15:59:59,WDC,매도,68,279.5502,8103.15,74.445,56671.2,실적 발표 전 청산
2026-01-30 09:30:00,FCX,매수,167,61.7659,,,46349.08,K몫 매수: 주식층 비중 10.7%
2026-01-30 09:30:00,MU,매도,67,445.837,4836.99,19.352,76198.36,K몫 제외(주식층 비중 0)
2026-01-30 09:30:00,SNDK,매수,24,651.5556,,,60550.07,로테이션 매수: 126일 모멘텀 상위 2
2026-01-30 09:30:00,WDC,매수,58,277.2786,,,44456.66,로테이션 매수: 126일 모멘텀 상위 2
2026-02-02 13:30:00,MU,매수,53,440.0499,,,21117.69,K몫 매수: 주식층 비중 24.7%
2026-02-02 13:30:00,STX,매수,48,433.0214,,,318.11,K몫 매수: 주식층 비중 24.7%
2026-02-03 09:30:00,SHIP,매도,658,10.7646,226.53,3.309,7396.06,K몫 제외(주식층 비중 0)
2026-02-03 15:59:59,GOOGL,매도,20,339.5701,64.59,0.962,14182.5,실적 발표 전 청산
2026-02-09 09:30:00,BTSG,매도,207,39.6202,65.03,0.8,22377.89,K몫 제외(주식층 비중 0)
2026-02-09 09:30:00,FCX,매도,167,61.3243,-88.43,-0.857,32611.58,K몫 제외(주식층 비중 0)
2026-02-09 09:30:00,LRCX,매수,69,228.5642,,,16829.61,K몫 매수: 주식층 비중 16.8%
2026-02-11 09:30:00,STX,매도,48,414.7925,-904.07,-4.35,36725.11,K몫 제외(주식층 비중 0)
2026-02-12 09:30:00,STX,매수,49,424.5322,,,15908.48,K몫 매수: 주식층 비중 22.1%
2026-02-17 09:30:00,AAPL,매수,10,258.179,,,13324.88,K몫 매수: 주식층 비중 2.8%
2026-02-17 09:30:00,AVGO,매수,10,319.8348,,,10124.29,K몫 매수: 주식층 비중 3.5%
2026-02-17 09:30:00,CRDO,매수,29,117.6188,,,6710.96,K몫 매수: 주식층 비중 3.6%
2026-02-17 09:30:00,MDB,매수,10,364.182,,,3066.59,K몫 매수: 주식층 비중 4.0%
2026-02-17 09:30:00,MRVL,매수,39,76.9905,,,61.86,K몫 매수: 주식층 비중 4.3%
2026-02-23 09:30:00,AAPL,매도,10,263.3582,48.06,1.862,2693.52,K몫 제외(주식층 비중 0)
2026-02-23 09:30:00,AVGO,매도,10,332.0839,117.83,3.684,6011.93,K몫 제외(주식층 비중 0)
2026-02-23 09:30:00,CRDO,매도,29,122.0989,124.95,3.663,9550.22,K몫 제외(주식층 비중 0)
2026-02-23 09:30:00,LRCX,매도,69,245.2273,1126.36,7.142,26458.55,K몫 제외(주식층 비중 0)
2026-02-23 09:30:00,MDB,매도,10,337.5212,-271.62,-7.458,29831.3,K몫 제외(주식층 비중 0)
2026-02-23 09:30:00,MRVL,매도,39,78.3058,46.97,1.564,32883.0,K몫 제외(주식층 비중 0)
2026-02-23 09:30:00,MU,매도,53,422.0988,-984.06,-4.219,55237.9,K몫 제외(주식층 비중 0)
2026-02-23 09:30:00,SNDK,매도,24,659.1753,160.38,1.026,71046.56,로테이션 제외(모멘텀 순위 밖 또는 국면 0)
2026-02-23 09:30:00,STX,매도,49,409.795,-751.34,-3.612,91111.86,K몫 제외(주식층 비중 0)
2026-02-23 09:30:00,WDC,매도,58,283.808,355.43,2.21,107560.71,로테이션 제외(모멘텀 순위 밖 또는 국면 0)
2026-02-24 09:30:00,AAPL,매수,10,268.134,,,104877.49,K몫 매수: 주식층 비중 2.8%
2026-02-24 09:30:00,AVGO,매수,12,322.9594,,,100999.27,K몫 매수: 주식층 비중 4.0%
2026-02-24 09:30:00,CRDO,매수,18,124.072,,,98764.41,K몫 매수: 주식층 비중 2.4%
2026-02-24 09:30:00,CRWD,매수,32,87.2586,,,95970.18,K몫 매수: 주식층 비중 2.9%
2026-02-24 09:30:00,LRCX,매수,16,243.5717,,,92070.3,K몫 매수: 주식층 비중 4.2%
2026-02-24 09:30:00,MDB,매수,13,304.102,,,88114.21,K몫 매수: 주식층 비중 4.4%
2026-02-24 09:30:00,MRVL,매수,57,78.039,,,83662.87,K몫 매수: 주식층 비중 4.7%
2026-02-24 09:30:00,MU,매수,37,429.4846,,,67760.82,로테이션 매수: 126일 모멘텀 상위 2
2026-02-24 09:30:00,ORCL,매수,24,140.9104,,,64376.6,K몫 매수: 주식층 비중 3.5%
2026-02-24 09:30:00,SNDK,매수,23,681.6406,,,48687.89,로테이션 매수: 126일 모멘텀 상위 2
2026-02-24 09:30:00,STX,매수,10,414.8773,,,44536.21,K몫 매수: 주식층 비중 4.6%
2026-02-25 09:30:00,AAPL,매도,10,271.5442,30.24,1.128,47249.67,K몫 제외(주식층 비중 0)
2026-02-25 09:30:00,AVGO,매도,12,330.5696,85.71,2.212,51213.61,K몫 제외(주식층 비중 0)
2026-02-25 09:30:00,CRDO,매도,18,118.7456,-99.0,-4.433,53349.47,K몫 제외(주식층 비중 0)
2026-02-25 09:30:00,CRWD,매도,32,87.3488,-1.11,-0.04,56142.59,K몫 제외(주식층 비중 0)
2026-02-25 09:30:00,LRCX,매도,16,249.7251,92.81,2.381,60135.28,K몫 제외(주식층 비중 0)
2026-02-25 09:30:00,MDB,매도,13,311.1344,85.7,2.168,64177.07,K몫 제외(주식층 비중 0)
2026-02-25 09:30:00,MRVL,매도,57,78.9605,46.13,1.037,68674.53,K몫 제외(주식층 비중 0)
2026-02-25 09:30:00,MU,매도,37,426.7545,-123.66,-0.778,84452.92,로테이션 제외(모멘텀 순위 밖 또는 국면 0)
2026-02-25 09:30:00,ORCL,매도,24,149.0854,191.22,5.654,88028.36,K몫 제외(주식층 비중 0)
2026-02-25 09:30:00,SNDK,매도,23,643.9678,-888.26,-5.666,102828.81,로테이션 제외(모멘텀 순위 밖 또는 국면 0)
2026-02-25 09:30:00,STX,매도,10,407.796,-76.69,-1.849,106903.79,K몫 제외(주식층 비중 0)
2026-04-09 09:30:00,AMGN,매수,10,347.6337,,,103425.02,K몫 매수: 주식층 비중 3.7%
2026-04-09 09:30:00,BTSG,매수,77,46.1431,,,99869.52,K몫 매수: 주식층 비중 3.7%
2026-04-09 09:30:00,KO,매수,46,76.6883,,,96339.39,K몫 매수: 주식층 비중 3.7%
2026-04-09 09:30:00,MU,매수,39,407.8138,,,80423.52,로테이션 매수: 126일 모멘텀 상위 2
2026-04-09 09:30:00,SNDK,매수,19,816.8383,,,64892.72,로테이션 매수: 126일 모멘텀 상위 2
2026-04-10 09:30:00,WDC,매수,75,344.172,,,39061.76,K몫 매수: 주식층 비중 26.5%
2026-04-13 09:30:00,STX,매수,51,500.33,,,13527.06,K몫 매수: 주식층 비중 26.4%
2026-04-14 09:30:00,AMGN,매도,10,346.0069,-21.23,-0.611,16984.61,K몫 제외(주식층 비중 0)
2026-04-14 09:30:00,BTSG,매도,77,46.6966,37.51,1.056,20577.62,K몫 제외(주식층 비중 0)
2026-04-14 09:30:00,KO,매도,46,75.932,-39.81,-1.128,24067.95,K몫 제외(주식층 비중 0)
2026-04-17 09:30:00,AAPL,매수,12,267.2315,,,20858.92,K몫 매수: 주식층 비중 3.2%
2026-04-17 09:30:00,AMD,매수,15,278.7793,,,16674.3,K몫 매수: 주식층 비중 4.2%
2026-04-17 09:30:00,AVGO,매수,6,401.1004,,,14266.02,K몫 매수: 주식층 비중 2.5%
2026-04-17 09:30:00,CRDO,매수,14,163.8369,,,11970.7,K몫 매수: 주식층 비중 2.3%
2026-04-17 09:30:00,INTC,매수,63,68.8724,,,7628.7,K몫 매수: 주식층 비중 4.3%
2026-04-17 09:30:00,KO,매수,44,75.1119,,,4321.46,K몫 매수: 주식층 비중 3.3%
2026-04-17 09:30:00,LRCX,매수,16,268.104,,,28.79,K몫 매수: 주식층 비중 4.5%
2026-04-21 15:59:59,LRCX,매도,16,258.2108,-164.31,-3.83,4157.15,실적 발표 전 청산
2026-04-22 09:30:00,FTNT,매수,39,86.3081,,,788.77,K몫 매수: 주식층 비중 3.3%
2026-04-22 09:30:00,MDB,매수,2,267.9039,,,252.59,K몫 매수: 주식층 비중 3.0%
2026-04-22 15:59:59,INTC,매도,63,65.2074,-236.93,-5.461,4357.66,실적 발표 전 청산
2026-04-23 09:30:00,CRWD,매수,25,113.3066,,,1523.01,K몫 매수: 주식층 비중 2.7%
2026-04-24 09:30:00,AMD,매도,15,336.6666,861.69,20.606,6569.32,K몫 제외(주식층 비중 0)
2026-04-24 09:30:00,AVGO,매도,6,424.4227,136.39,5.667,9114.0,K몫 제외(주식층 비중 0)
2026-04-24 09:30:00,CRDO,매도,14,188.0359,335.26,14.616,11744.58,K몫 제외(주식층 비중 0)
2026-04-24 09:30:00,SHOP,매수,36,124.5622,,,7257.2,K몫 매수: 주식층 비중 4.2%
2026-04-27 09:30:00,AMD,매수,13,346.7333,,,2746.51,K몫 매수: 주식층 비중 4.4%
2026-04-27 09:30:00,AVGO,매수,6,420.6052,,,221.11,K몫 매수: 주식층 비중 2.4%
2026-04-27 09:30:00,CRDO,매수,1,189.7248,,,31.26,K몫 매수: 주식층 비중 2.3%
2026-04-27 15:59:59,KO,매도,44,75.4123,8.48,0.257,3346.97,실적 발표 전 청산
2026-04-27 15:59:59,STX,매도,51,595.5621,4816.8,18.877,33698.47,실적 발표 전 청산
2026-04-28 09:30:00,CRWD,매도,25,114.349,21.99,0.776,36555.11,K몫 제외(주식층 비중 0)
2026-04-28 09:30:00,INTC,매수,64,81.3206,,,31346.94,K몫 매수: 주식층 비중 4.6%
2026-04-28 09:30:00,LRCX,매수,14,252.6863,,,27806.86,K몫 매수: 주식층 비중 3.1%
2026-04-28 09:30:00,MRVL,매수,35,147.8089,,,22629.93,K몫 매수: 주식층 비중 4.7%
2026-04-28 09:30:00,NVDA,매수,22,209.6098,,,18015.28,K몫 매수: 주식층 비중 4.2%
2026-04-29 09:30:00,KO,매수,29,78.4092,,,15739.82,K몫 매수: 주식층 비중 2.1%
2026-04-29 09:30:00,SHOP,매도,36,119.8001,-177.73,-3.963,20049.48,K몫 제외(주식층 비중 0)
2026-04-29 15:59:59,SNDK,매도,19,1063.6879,4664.52,30.055,40244.79,실적 발표 전 청산
2026-04-29 15:59:59,AAPL,매도,12,270.0549,29.27,0.913,43483.09,실적 발표 전 청산
2026-04-29 15:59:59,WDC,매도,75,412.6636,5096.2,19.743,74410.26,실적 발표 전 청산
2026-04-30 09:30:00,MDB,매도,2,258.1609,-20.24,-3.777,74926.21,K몫 제외(주식층 비중 0)
2026-04-30 09:30:00,PEP,매수,40,156.058,,,68679.52,K몫 매수: 주식층 비중 5.4%
2026-05-01 09:30:00,CDNS,매수,8,336.6683,,,65984.29,K몫 매수: 주식층 비중 2.6%
2026-05-01 09:30:00,SHOP,매수,42,124.052,,,60770.46,K몫 매수: 주식층 비중 4.6%
2026-05-01 09:30:00,SNDK,매수,18,1059.5495,,,41685.21,로테이션 매수: 126일 모멘텀 상위 2
2026-05-04 09:30:00,AAPL,매수,12,279.7948,,,38325.33,K몫 매수: 주식층 비중 2.9%
2026-05-04 09:30:00,DDOG,매수,23,141.5958,,,35066.34,K몫 매수: 주식층 비중 2.8%
2026-05-04 09:30:00,MDB,매수,15,263.7818,,,31106.85,K몫 매수: 주식층 비중 3.4%
2026-05-04 09:30:00,STX,매수,7,742.0958,,,25908.54,K몫 매수: 주식층 비중 4.7%
2026-05-04 09:30:00,WDC,매수,12,430.9454,,,20733.57,K몫 매수: 주식층 비중 4.6%
2026-05-04 15:59:59,SHOP,매도,42,127.5162,137.94,2.648,26085.35,실적 발표 전 청산
2026-05-04 15:59:59,AMD,매도,13,341.3192,-76.78,-1.703,30519.26,실적 발표 전 청산
2026-05-05 09:30:00,CRWD,매수,27,118.6843,,,27312.54,K몫 매수: 주식층 비중 2.7%
2026-05-05 15:59:59,FTNT,매도,39,89.88,134.39,3.993,30815.3,실적 발표 전 청산
2026-05-06 09:30:00,INCY,매수,26,98.6693,,,28248.1,K몫 매수: 주식층 비중 2.0%
2026-05-06 09:30:00,LLY,매수,2,991.8457,,,26263.02,K몫 매수: 주식층 비중 2.1%
2026-05-06 09:30:00,UNH,매수,8,363.2816,,,23354.74,K몫 매수: 주식층 비중 2.5%
2026-05-06 15:59:59,DDOG,매도,23,143.5082,39.3,1.207,26653.01,실적 발표 전 청산
2026-05-08 09:30:00,AAPL,매도,12,289.9649,117.15,3.489,30130.05,K몫 제외(주식층 비중 0)
2026-05-08 09:30:00,MDB,매도,15,288.9754,371.97,9.401,34461.52,K몫 제외(주식층 비중 0)
2026-05-08 09:30:00,STX,매도,7,779.61,254.98,4.908,39914.81,K몫 제외(주식층 비중 0)
2026-05-08 09:30:00,WDC,매도,12,474.7825,518.27,10.022,45608.04,K몫 제외(주식층 비중 0)
2026-05-11 09:30:00,STX,매수,3,795.9478,,,43218.52,K몫 매수: 주식층 비중 2.3%
2026-05-11 09:30:00,WDC,매수,34,488.6792,,,26591.8,K몫 매수: 주식층 비중 12.2%
2026-05-15 09:30:00,AMGN,매수,9,336.178,,,23564.08,K몫 매수: 주식층 비중 2.4%
2026-05-15 09:30:00,BTSG,매수,59,57.6488,,,20160.42,K몫 매수: 주식층 비중 2.5%
2026-05-18 09:30:00,AMGN,매도,9,324.0279,-113.6,-3.755,23074.54,K몫 제외(주식층 비중 0)
2026-05-18 09:30:00,AVGO,매도,6,421.1643,-0.26,-0.01,25599.68,K몫 제외(주식층 비중 0)
2026-05-18 09:30:00,BTSG,매도,59,58.4708,43.6,1.282,29046.94,K몫 제외(주식층 비중 0)
2026-05-18 09:30:00,CDNS,매도,8,346.7315,76.6,2.844,31818.77,K몫 제외(주식층 비중 0)
2026-05-18 09:30:00,CRDO,매도,1,171.7541,-18.23,-9.608,31990.39,K몫 제외(주식층 비중 0)
2026-05-18 09:30:00,CRWD,매도,27,147.3001,767.48,23.95,35964.59,K몫 제외(주식층 비중 0)
2026-05-18 09:30:00,INCY,매도,26,95.4223,-88.03,-3.431,38443.76,K몫 제외(주식층 비중 0)
2026-05-18 09:30:00,INTC,매도,64,113.4532,2047.54,39.342,45699.47,K몫 제외(주식층 비중 0)
2026-05-18 09:30:00,KO,매도,29,80.8296,66.89,2.942,48041.81,K몫 제외(주식층 비중 0)
2026-05-18 09:30:00,LLY,매도,2,1000.1097,13.68,0.69,50040.57,K몫 제외(주식층 비중 0)
2026-05-18 09:30:00,LRCX,매도,14,292.5836,553.1,15.635,54133.75,K몫 제외(주식층 비중 0)
2026-05-18 09:30:00,MRVL,매도,35,181.6811,1177.27,22.757,60487.95,K몫 제외(주식층 비중 0)
2026-05-18 09:30:00,MU,매도,39,750.0848,13316.08,83.724,89719.9,로테이션 제외(모멘텀 순위 밖 또는 국면 0)
2026-05-18 09:30:00,NVDA,매도,22,229.7051,435.18,9.437,94769.73,K몫 제외(주식층 비중 0)
2026-05-18 09:30:00,PEP,매도,40,149.915,-254.47,-4.076,100761.95,K몫 제외(주식층 비중 0)
2026-05-18 09:30:00,SNDK,매도,18,1433.0031,6689.98,35.078,126537.18,로테이션 제외(모멘텀 순위 밖 또는 국면 0)
2026-05-18 09:30:00,STX,매도,3,799.55,7.38,0.309,128934.07,K몫 제외(주식층 비중 0)
2026-05-18 09:30:00,UNH,매도,8,389.805,207.88,7.153,132050.24,K몫 제외(주식층 비중 0)
2026-05-18 09:30:00,WDC,매도,34,485.4971,-131.87,-0.794,148545.09,K몫 제외(주식층 비중 0)
2026-05-20 09:30:00,BTSG,매수,114,57.4187,,,141994.78,K몫 매수: 주식층 비중 4.9%
2026-05-20 09:30:00,SHIP,매수,427,15.3357,,,135441.86,K몫 매수: 주식층 비중 4.9%
2026-05-20 09:30:00,SNDK,매수,15,1439.1592,,,113839.37,로테이션 매수: 126일 모멘텀 상위 2
2026-05-20 09:30:00,STX,매수,12,757.5986,,,104741.82,K몫 매수: 주식층 비중 7.1%
2026-05-20 09:30:00,WDC,매수,47,469.6097,,,82654.71,로테이션 매수: 126일 모멘텀 상위 2
2026-05-22 09:30:00,CRDO,매수,15,197.0885,,,79696.32,K몫 매수: 주식층 비중 2.3%
2026-05-22 09:30:00,INTC,매수,25,120.3551,,,76685.33,K몫 매수: 주식층 비중 2.3%
2026-05-22 09:30:00,MU,매수,20,757.1934,,,61530.86,K몫 매수: 주식층 비중 11.5%
2026-05-22 09:30:00,NVDA,매수,13,221.0145,,,58655.66,K몫 매수: 주식층 비중 2.2%
2026-05-26 09:30:00,PANW,매수,12,258.2991,,,55553.9,K몫 매수: 주식층 비중 2.3%
2026-05-27 09:30:00,GOOGL,매수,19,386.8583,,,48198.45,K몫 매수: 주식층 비중 5.3%
2026-05-27 15:59:59,SHIP,매도,427,14.9225,-185.64,-2.835,54565.72,실적 발표 전 청산
2026-05-28 09:30:00,FTNT,매수,49,128.5342,,,48263.14,K몫 매수: 주식층 비중 4.4%
2026-05-28 09:30:00,SLB,매수,74,56.1581,,,44104.53,K몫 매수: 주식층 비중 2.9%
2026-05-29 09:30:00,AMD,매수,24,520.6902,,,31599.22,K몫 매수: 주식층 비중 8.7%
2026-05-29 15:59:59,CRDO,매도,15,236.1419,581.15,19.658,35138.76,실적 발표 전 청산
2026-06-01 09:30:00,ORCL,매수,12,230.6152,,,32369.44,K몫 매수: 주식층 비중 2.0%
2026-06-01 15:59:59,PANW,매도,12,300.3397,499.69,16.121,35970.89,실적 발표 전 청산
2026-06-03 09:30:00,AMD,매도,24,533.5531,290.61,2.326,48766.81,K몫 제외(주식층 비중 0)
2026-06-03 09:30:00,BTSG,매도,114,59.8001,261.92,4.001,55579.05,K몫 제외(주식층 비중 0)
2026-06-03 09:30:00,GOOGL,매도,19,361.849,-485.34,-6.603,62449.16,K몫 제외(주식층 비중 0)
2026-06-03 09:30:00,INTC,매도,25,116.3393,-104.63,-3.477,65355.52,K몫 제외(주식층 비중 0)
2026-06-03 09:30:00,MU,매도,20,1078.4705,6399.2,42.256,86909.18,K몫 제외(주식층 비중 0)
2026-06-03 09:30:00,NVDA,매도,13,221.5742,3.16,0.11,89787.54,K몫 제외(주식층 비중 0)
2026-06-03 09:30:00,SLB,매도,74,55.972,-19.7,-0.474,93926.45,K몫 제외(주식층 비중 0)
2026-06-04 09:30:00,FTNT,매도,49,146.1169,851.92,13.526,101080.95,K몫 제외(주식층 비중 0)
2026-06-05 09:30:00,CRDO,매수,15,208.2241,,,97955.4,K몫 매수: 주식층 비중 2.1%
2026-06-05 09:30:00,DDOG,매수,14,237.5187,,,94627.81,K몫 매수: 주식층 비중 2.2%
2026-06-05 09:30:00,INTC,매수,32,106.4632,,,91218.6,K몫 매수: 주식층 비중 2.3%
2026-06-05 09:30:00,MU,매수,3,945.0122,,,88381.58,K몫 매수: 주식층 비중 2.4%
2026-06-05 09:30:00,NVDA,매수,17,214.5372,,,84731.9,K몫 매수: 주식층 비중 2.4%
2026-06-08 09:30:00,AAPL,매수,12,308.8934,,,81022.58,K몫 매수: 주식층 비중 2.8%
2026-06-08 09:30:00,AMD,매수,10,485.2725,,,76166.46,K몫 매수: 주식층 비중 3.5%
2026-06-08 09:30:00,CDNS,매수,8,383.1915,,,73098.78,K몫 매수: 주식층 비중 2.4%
2026-06-08 09:30:00,FTNT,매수,26,146.073,,,69298.23,K몫 매수: 주식층 비중 2.7%
2026-06-08 09:30:00,LRCX,매수,18,318.7043,,,63557.53,K몫 매수: 주식층 비중 4.1%
2026-06-08 09:30:00,MDB,매수,17,348.8944,,,57622.18,K몫 매수: 주식층 비중 4.3%
2026-06-08 09:30:00,MRVL,매수,22,288.8343,,,51263.37,K몫 매수: 주식층 비중 4.4%
2026-06-08 09:30:00,PANW,매수,17,269.7648,,,46674.16,K몫 매수: 주식층 비중 3.3%
2026-06-09 15:59:59,ORCL,매도,12,205.649,-303.33,-10.961,49140.15,실적 발표 전 청산
2026-06-10 09:30:00,CRDO,매도,15,226.6846,272.24,8.716,52537.94,K몫 제외(주식층 비중 0)
2026-06-16 09:30:00,AAPL,매도,12,295.0974,-170.73,-4.606,56076.52,K몫 제외(주식층 비중 0)
2026-06-16 09:30:00,AMD,매도,10,546.6166,606.05,12.489,61538.69,K몫 제외(주식층 비중 0)
2026-06-16 09:30:00,CDNS,매도,8,386.9964,26.03,0.849,64632.41,K몫 제외(주식층 비중 0)
2026-06-16 09:30:00,DDOG,매도,14,231.5841,-87.78,-2.64,67872.22,K몫 제외(주식층 비중 0)
2026-06-16 09:30:00,FTNT,매도,26,148.8056,65.56,1.726,71738.34,K몫 제외(주식층 비중 0)
2026-06-16 09:30:00,INTC,매도,32,125.0425,589.23,17.296,75736.77,K몫 제외(주식층 비중 0)
2026-06-16 09:30:00,LRCX,매도,18,384.9424,1183.21,20.625,82660.68,K몫 제외(주식층 비중 0)
2026-06-16 09:30:00,MDB,매도,17,350.3245,15.81,0.267,88611.85,K몫 제외(주식층 비중 0)
2026-06-16 09:30:00,MRVL,매도,22,298.9804,213.96,3.367,95184.62,K몫 제외(주식층 비중 0)
2026-06-16 09:30:00,MU,매도,3,1098.8303,457.06,16.122,98478.7,K몫 제외(주식층 비중 0)
2026-06-16 09:30:00,NVDA,매도,17,211.0094,-65.14,-1.786,102063.24,K몫 제외(주식층 비중 0)
2026-06-16 09:30:00,PANW,매도,17,283.0584,219.27,4.781,106871.72,K몫 제외(주식층 비중 0)
2026-06-16 09:30:00,SNDK,매도,15,2133.1329,10371.14,48.043,138845.36,로테이션 제외(모멘텀 순위 밖 또는 국면 0)
2026-06-16 09:30:00,STX,매도,12,1047.2047,3459.74,38.056,151402.64,K몫 제외(주식층 비중 0)
2026-06-16 09:30:00,WDC,매도,47,686.4316,10151.63,45.994,183641.38,로테이션 제외(모멘텀 순위 밖 또는 국면 0)
2026-06-18 09:30:00,AAPL,매수,17,298.5892,,,178561.81,K몫 매수: 주식층 비중 3.2%
2026-06-18 09:30:00,AMD,매수,10,532.6612,,,173231.47,K몫 매수: 주식층 비중 3.3%
2026-06-18 09:30:00,CDNS,매수,10,392.9914,,,169298.8,K몫 매수: 주식층 비중 2.5%
2026-06-18 09:30:00,DDOG,매수,25,224.152,,,163691.08,K몫 매수: 주식층 비중 3.5%
2026-06-18 09:30:00,FTNT,매수,31,143.4617,,,159240.65,K몫 매수: 주식층 비중 2.8%
2026-06-18 09:30:00,INTC,매수,45,131.8559,,,153302.98,K몫 매수: 주식층 비중 3.6%
2026-06-18 09:30:00,LRCX,매수,16,395.3216,,,146973.41,K몫 매수: 주식층 비중 3.9%
2026-06-18 09:30:00,MDB,매수,20,332.166,,,140325.44,K몫 매수: 주식층 비중 4.0%
2026-06-18 09:30:00,MRVL,매수,22,305.6527,,,133596.37,K몫 매수: 주식층 비중 4.1%
2026-06-18 09:30:00,MU,매수,6,1108.619,,,126940.0,K몫 매수: 주식층 비중 4.3%
2026-06-18 09:30:00,NVDA,매수,38,207.3786,,,119054.1,K몫 매수: 주식층 비중 4.9%
2026-06-18 09:30:00,PANW,매수,27,285.7428,,,111333.64,K몫 매수: 주식층 비중 4.7%
2026-06-18 09:30:00,SNDK,매수,13,2045.7674,,,84720.05,로테이션 매수: 126일 모멘텀 상위 2
2026-06-18 09:30:00,STX,매수,6,1133.9267,,,77911.73,K몫 매수: 주식층 비중 4.6%
2026-06-18 09:30:00,WDC,매수,36,764.382,,,50374.71,로테이션 매수: 126일 모멘텀 상위 2
2026-06-23 15:59:59,MU,매도,6,1050.8543,-355.85,-5.35,56675.24,실적 발표 전 청산
2026-06-25 09:30:00,AAPL,매도,17,287.3663,-197.91,-3.899,61556.9,K몫 제외(주식층 비중 0)
2026-06-25 09:30:00,AMD,매도,10,543.808,103.77,1.948,66991.01,K몫 제외(주식층 비중 0)
2026-06-25 09:30:00,CDNS,매도,10,378.3007,-152.42,-3.878,70771.25,K몫 제외(주식층 비중 0)
2026-06-25 09:30:00,DDOG,매도,25,219.3903,-126.97,-2.266,76252.01,K몫 제외(주식층 비중 0)
2026-06-25 09:30:00,FTNT,매도,31,145.837,67.22,1.512,80769.65,K몫 제외(주식층 비중 0)
2026-06-25 09:30:00,INTC,매도,45,139.6002,339.75,5.726,87047.08,K몫 제외(주식층 비중 0)
2026-06-25 09:30:00,LRCX,매도,16,407.786,190.24,3.008,93566.89,K몫 제외(주식층 비중 0)
2026-06-25 09:30:00,MDB,매도,20,300.9395,-633.58,-9.537,99581.28,K몫 제외(주식층 비중 0)
2026-06-25 09:30:00,MRVL,매도,22,291.0294,-331.09,-4.924,105979.26,K몫 제외(주식층 비중 0)
2026-06-25 09:30:00,NVDA,매도,38,199.865,-296.58,-3.763,113568.58,K몫 제외(주식층 비중 0)
2026-06-25 09:30:00,PANW,매도,27,288.7955,71.33,0.925,121360.37,K몫 제외(주식층 비중 0)
2026-06-25 09:30:00,SNDK,매도,13,2234.2593,2410.58,9.064,150384.54,로테이션 제외(모멘텀 순위 밖 또는 국면 0)
2026-06-25 09:30:00,STX,매도,6,1094.4525,-246.4,-3.622,156946.46,K몫 제외(주식층 비중 0)
2026-06-25 09:30:00,WDC,매도,36,708.7155,-2041.88,-7.42,182441.59,로테이션 제외(모멘텀 순위 밖 또는 국면 0)
2026-07-28 09:30:00,MRVL,매수,170,180.09,,,151804.86,K몫 매수: 주식층 비중 18.7%
2026-07-28 09:30:00,MU,매수,32,840.8902,,,124877.54,로테이션 매수: 126일 모멘텀 상위 2
2026-07-28 09:30:00,SNDK,매수,23,1172.9512,,,97880.78,로테이션 매수: 126일 모멘텀 상위 2
2026-07-31 09:30:00,MRVL,매도,170,199.2753,3215.34,10.502,131732.85,K몫 제외(주식층 비중 0)
2026-07-31 09:30:00,MU,매도,32,919.1902,2465.29,9.162,161125.46,로테이션 제외(모멘텀 순위 밖 또는 국면 0)
2026-07-31 09:30:00,SNDK,매도,23,1381.7088,4759.34,17.642,192881.57,로테이션 제외(모멘텀 순위 밖 또는 국면 0)
2026-08-26 09:30:00,MDB,매수,20,391.4206,,,185047.67,K몫 매수: 주식층 비중 4.5%
2026-08-26 09:30:00,SNDK,매수,19,1455.1722,,,157380.05,로테이션 매수: 126일 모멘텀 상위 2
2026-08-26 09:30:00,STX,매수,35,824.7622,,,128493.17,로테이션 매수: 126일 모멘텀 상위 2
2026-08-28 09:30:00,CDNS,매수,11,347.6037,,,124666.85,K몫 매수: 주식층 비중 2.2%
2026-08-28 09:30:00,CRM,매수,16,250.5952,,,120654.52,K몫 매수: 주식층 비중 2.3%
2026-08-28 09:30:00,CRWD,매수,29,228.6092,,,114020.21,K몫 매수: 주식층 비중 3.9%
2026-08-28 09:30:00,FTNT,매수,42,172.6663,,,106763.15,K몫 매수: 주식층 비중 4.2%
2026-08-28 09:30:00,MSFT,매수,9,505.5827,,,102209.72,K몫 매수: 주식층 비중 2.7%
2026-08-28 09:30:00,NOW,매수,35,138.5492,,,97357.1,K몫 매수: 주식층 비중 2.8%
2026-08-28 09:30:00,PANW,매수,21,377.4486,,,89425.13,K몫 매수: 주식층 비중 4.6%
2026-08-28 09:30:00,SHOP,매수,38,154.7874,,,83539.1,K몫 매수: 주식층 비중 3.4%
2026-08-31 09:30:00,AVGO,매수,16,369.6397,,,77620.72,K몫 매수: 주식층 비중 3.5%
2026-08-31 09:30:00,INTC,매수,80,90.045,,,70412.08,K몫 매수: 주식층 비중 4.2%
2026-08-31 09:30:00,LRCX,매수,25,302.6112,,,62841.5,K몫 매수: 주식층 비중 4.4%
2026-08-31 09:30:00,MRVL,매수,134,216.2381,,,33845.32,로테이션 매수: 126일 모멘텀 상위 2
2026-08-31 09:30:00,MU,매수,8,931.6406,,,26386.98,K몫 매수: 주식층 비중 4.5%
2026-08-31 09:30:00,NVDA,매수,23,218.9714,,,21347.11,K몫 매수: 주식층 비중 3.0%
2026-08-31 09:30:00,STX,매도,35,826.0868,5.05,0.017,50239.04,로테이션 제외(모멘텀 순위 밖 또는 국면 0)
2026-08-31 09:37:12,STX,매수,9,830.1649,,,42762.32,K몫 매수: 주식층 비중 4.5%
2026-08-31 15:59:59,PANW,매도,21,381.9389,82.89,1.046,50777.19,실적 발표 전 청산
2026-08-31 15:59:59,MDB,매도,20,453.2833,1225.15,15.65,59836.23,실적 발표 전 청산
2026-09-01 15:59:59,AVGO,매도,16,369.4652,-11.25,-0.19,65743.36,실적 발표 전 청산
2026-09-03 09:30:00,AAPL,매수,19,325.1102,,,59561.94,K몫 매수: 주식층 비중 3.6%
2026-09-03 09:30:00,INTC,매도,80,89.3053,-69.43,-0.964,66701.15,K몫 제외(주식층 비중 0)
2026-09-03 09:30:00,LRCX,매도,25,283.6781,-483.8,-6.395,73787.93,K몫 제외(주식층 비중 0)
2026-09-03 09:30:00,MU,매도,8,956.2966,186.45,2.502,81432.72,K몫 제외(주식층 비중 0)
2026-09-03 09:30:00,NVDA,매도,23,225.907,152.2,3.022,86624.79,K몫 제외(주식층 비중 0)
2026-09-04 09:30:00,AAPL,매도,19,328.1408,48.71,0.789,92854.91,K몫 제외(주식층 비중 0)
2026-09-04 09:30:00,CDNS,매도,11,305.2773,-470.72,-12.311,96210.51,K몫 제외(주식층 비중 0)
2026-09-04 09:30:00,CRM,매도,16,263.2283,196.25,4.895,100419.09,K몫 제외(주식층 비중 0)
2026-09-04 09:30:00,CRWD,매도,29,212.3938,-479.39,-7.231,106574.01,K몫 제외(주식층 비중 0)
2026-09-04 09:30:00,FTNT,매도,42,153.923,-797.01,-10.99,113034.06,K몫 제외(주식층 비중 0)
2026-09-04 09:30:00,MRVL,매도,134,211.6641,-653.9,-2.257,141376.34,로테이션 제외(모멘텀 순위 밖 또는 국면 0)
2026-09-04 09:30:00,MSFT,매도,9,509.745,30.93,0.68,145960.7,K몫 제외(주식층 비중 0)
2026-09-04 09:30:00,NOW,매도,35,143.2433,157.24,3.243,150970.56,K몫 제외(주식층 비중 0)
2026-09-04 09:30:00,SHOP,매도,38,144.4827,-399.7,-6.795,156456.89,K몫 제외(주식층 비중 0)
2026-09-04 09:30:00,SNDK,매도,19,1584.7972,2421.54,8.758,186546.06,로테이션 제외(모멘텀 순위 밖 또는 국면 0)
2026-09-04 09:30:00,STX,매도,9,816.5915,-132.76,-1.777,193890.02,K몫 제외(주식층 비중 0)
2026-09-14 09:30:00,AAPL,매수,18,334.9974,,,187855.84,K몫 매수: 주식층 비중 3.5%
2026-09-14 09:30:00,AMD,매수,11,486.3731,,,182501.99,K몫 매수: 주식층 비중 3.3%
2026-09-14 09:30:00,AVGO,매수,18,349.6347,,,176204.16,K몫 매수: 주식층 비중 3.6%
2026-09-14 09:30:00,CRDO,매수,41,153.7678,,,169895.27,K몫 매수: 주식층 비중 3.6%
2026-09-14 09:30:00,CRM,매수,15,255.8779,,,166054.41,K몫 매수: 주식층 비중 2.3%
2026-09-14 09:30:00,CRWD,매수,30,219.1095,,,159476.53,K몫 매수: 주식층 비중 3.8%
2026-09-14 09:30:00,DDOG,매수,19,225.0675,,,155197.25,K몫 매수: 주식층 비중 2.5%
2026-09-14 09:30:00,FTNT,매수,44,162.7213,,,148032.5,K몫 매수: 주식층 비중 4.2%
2026-09-14 09:30:00,INTC,매수,75,95.7679,,,140844.88,K몫 매수: 주식층 비중 4.2%
2026-09-14 09:30:00,LRCX,매수,27,274.9674,,,133415.57,K몫 매수: 주식층 비중 4.3%
2026-09-14 09:30:00,MRVL,매수,134,216.15,,,104431.19,로테이션 매수: 126일 모멘텀 상위 2
2026-09-14 09:30:00,MSFT,매수,9,497.7487,,,99948.31,K몫 매수: 주식층 비중 2.8%
2026-09-14 09:30:00,MU,매수,8,907.2034,,,92685.61,K몫 매수: 주식층 비중 4.5%
2026-09-14 09:30:00,NOW,매수,57,140.07,,,84696.03,K몫 매수: 주식층 비중 4.6%
2026-09-14 09:30:00,NVDA,매수,24,211.1855,,,79624.03,K몫 매수: 주식층 비중 3.0%
2026-09-14 09:30:00,SNDK,매수,19,1522.2858,,,50680.35,로테이션 매수: 126일 모멘텀 상위 2
2026-09-14 09:30:00,STX,매수,10,775.3875,,,42921.05,K몫 매수: 주식층 비중 4.6%
2026-09-14 09:30:00,WDC,매수,19,416.258,,,35006.61,K몫 매수: 주식층 비중 4.5%
2026-09-15 09:30:00,SHOP,매수,60,132.4462,,,27054.27,K몫 매수: 주식층 비중 4.6%
2026-09-18 09:30:00,SHOP,매도,60,128.5457,-245.22,-3.086,34761.39,K몫 제외(주식층 비중 0)
2026-09-22 09:30:00,SHOP,매수,60,144.3521,,,26094.19,K몫 매수: 주식층 비중 4.6%
2026-09-24 09:30:00,AAPL,매도,18,336.1518,12.14,0.201,32140.51,K몫 제외(주식층 비중 0)
2026-09-24 09:30:00,AMD,매도,11,605.0423,1296.76,24.238,38791.12,K몫 제외(주식층 비중 0)
2026-09-24 09:30:00,AVGO,매도,18,349.0354,-19.78,-0.314,45069.17,K몫 제외(주식층 비중 0)
2026-09-24 09:30:00,CRDO,매도,41,188.9655,1433.03,22.73,52811.1,K몫 제외(주식층 비중 0)
2026-09-24 09:30:00,CRM,매도,15,240.5197,-235.69,-6.141,56416.26,K몫 제외(주식층 비중 0)
2026-09-24 09:30:00,CRWD,매도,30,261.6441,1265.71,19.255,64259.85,K몫 제외(주식층 비중 0)
2026-09-24 09:30:00,DDOG,매도,19,249.775,462.99,10.827,69002.11,K몫 제외(주식층 비중 0)
2026-09-24 09:30:00,FTNT,매도,44,178.4158,679.81,9.495,76846.68,K몫 제외(주식층 비중 0)
2026-09-24 09:30:00,INTC,매도,75,119.95,1802.07,25.089,85836.36,K몫 제외(주식층 비중 0)
2026-09-24 09:30:00,LRCX,매도,27,300.7845,685.94,9.239,93951.61,K몫 제외(주식층 비중 0)
2026-09-24 09:30:00,MRVL,매도,134,253.873,5009.77,17.296,127945.76,로테이션 제외(모멘텀 순위 밖 또는 국면 0)
2026-09-24 09:30:00,MSFT,매도,9,491.759,-60.27,-1.345,132368.36,K몫 제외(주식층 비중 0)
2026-09-24 09:30:00,MU,매도,8,1049.2251,1124.97,15.5,140756.03,K몫 제외(주식층 비중 0)
2026-09-24 09:30:00,NOW,매도,57,139.83,-25.08,-0.314,148720.53,K몫 제외(주식층 비중 0)
2026-09-24 09:30:00,NVDA,매도,24,222.5387,265.03,5.229,154057.56,K몫 제외(주식층 비중 0)
2026-09-24 09:30:00,SHOP,매도,60,140.7696,-227.18,-2.623,162497.57,K몫 제외(주식층 비중 0)
2026-09-24 09:30:00,SNDK,매도,19,1783.108,4910.64,16.978,196351.89,로테이션 제외(모멘텀 순위 밖 또는 국면 0)
2026-09-24 09:30:00,STX,매도,10,914.2026,1376.05,17.747,205487.24,K몫 제외(주식층 비중 0)
2026-09-24 09:30:00,WDC,매도,19,465.5021,923.65,11.679,214325.32,K몫 제외(주식층 비중 0)
