기준일,대상일,층,버전,자산,비중
2026-10-02,2026-10-05,I,v0.65.0,현금,1.0
2026-10-02,2026-10-05,K,v0.33.0,현금,1.0
2026-10-02,2026-10-05,M,v1.85.0,현금,1.0
2026-10-02,2026-10-05,S,v1.00.0,현금,1.0
2026-10-05,2026-10-06,I,v0.65.0,현금,1.0
2026-10-05,2026-10-06,K,v0.34.0,현금,1.0
2026-10-05,2026-10-06,M,v1.85.0,현금,1.0
2026-10-05,2026-10-06,S,v1.00.0,현금,1.0
2026-10-06,2026-10-07,I,v0.66.0,현금,1.0
2026-10-06,2026-10-07,K,v0.36.0,현금,1.0
2026-10-06,2026-10-07,M,v1.86.0,현금,1.0
2026-10-06,2026-10-07,S,v1.02.0,현금,1.0
2026-10-07,2026-10-08,I,v0.66.0,현금,1.0
2026-10-07,2026-10-08,K,v0.36.0,현금,1.0
2026-10-07,2026-10-08,M,v1.87.0,현금,1.0
2026-10-07,2026-10-08,S,v1.02.0,현금,1.0
2026-10-08,2026-10-09,I,v0.66.0,현금,1.0
2026-10-08,2026-10-09,K,v0.40.1,현금,1.0
2026-10-08,2026-10-09,M,v1.92.1,현금,1.0
2026-10-08,2026-10-09,S,v1.02.0,현금,1.0
2026-10-09,2026-10-12,I,v0.66.0,현금,1.0
2026-10-09,2026-10-12,K,v0.40.1,현금,1.0
2026-10-09,2026-10-12,M,v1.92.1,현금,1.0
2026-10-09,2026-10-12,S,v1.02.0,현금,1.0
